,community,number_actors,size,density,av_deg,av_weighted_deg,av_num_movies_between_actors
0,1.0,1080.0,8735.0,0.004235746404421103,4.57037037037037,16.175925925925927,3.5393030794165314
1,2.0,1009.0,7263.0,0.0038876303742507905,3.9187314172447967,14.39643211100099,3.6737481031866466
2,3.0,722.0,23408.0,0.020093667997279862,14.487534626038782,64.84210526315789,4.475717017208413
3,4.0,563.0,4744.0,0.008059265627074076,4.529307282415631,16.852575488454708,3.72078431372549
4,5.0,442.0,14412.0,0.029550281651121987,13.031674208144796,65.21266968325791,5.004166666666666
5,6.0,274.0,2659.0,0.017994171278842813,4.912408759124087,19.40875912408759,3.9509658246656763
6,7.0,272.0,4665.0,0.02631864553939657,7.132352941176471,34.3014705882353,4.809278350515464
7,8.0,270.0,1777.0,0.013272752306209555,3.5703703703703704,13.162962962962963,3.6867219917012446
8,9.0,199.0,5116.0,0.06355007360032486,12.582914572864322,51.41708542713568,4.086261980830671
9,10.0,173.0,7599.0,0.09080521575480575,15.61849710982659,87.84971098265896,5.624722427831236
10,11.0,166.0,3790.0,0.05710113179992698,9.421686746987952,45.66265060240964,4.846547314578005
11,12.0,162.0,938.0,0.01970707767809217,3.1728395061728394,11.580246913580247,3.649805447470817
12,13.0,132.0,3285.0,0.062340966921119595,8.166666666666666,49.77272727272727,6.094619666048238
13,14.0,125.0,1046.0,0.035483870967741936,4.4,16.736,3.8036363636363637
14,15.0,106.0,643.0,0.031985624438454624,3.358490566037736,12.132075471698114,3.6123595505617976
15,16.0,102.0,1180.0,0.051058046981168705,5.1568627450980395,23.137254901960784,4.486692015209125
16,17.0,82.0,3812.0,0.12556458897922312,10.170731707317072,92.97560975609755,9.141486810551559
17,18.0,75.0,1443.0,0.07135135135135136,5.28,38.48,7.287878787878788
18,19.0,66.0,486.0,0.06433566433566433,4.181818181818182,14.727272727272727,3.5217391304347827
19,20.0,57.0,513.0,0.08646616541353383,4.842105263157895,18.0,3.717391304347826
20,21.0,52.0,874.0,0.13574660633484162,6.923076923076923,33.61538461538461,4.855555555555555
21,22.0,51.0,327.0,0.07529411764705882,3.764705882352941,12.823529411764707,3.40625
22,23.0,48.0,195.0,0.04964539007092199,2.3333333333333335,8.125,3.482142857142857
23,24.0,48.0,188.0,0.04964539007092199,2.3333333333333335,7.833333333333333,3.357142857142857
24,25.0,45.0,736.0,0.1717171717171717,7.555555555555555,32.71111111111111,4.329411764705882
25,26.0,44.0,216.0,0.06871035940803383,2.9545454545454546,9.818181818181818,3.3230769230769233
26,27.0,35.0,181.0,0.08907563025210084,3.0285714285714285,10.342857142857143,3.4150943396226414
27,28.0,24.0,84.0,0.09420289855072464,2.1666666666666665,7.0,3.230769230769231
28,29.0,22.0,177.0,0.1774891774891775,3.727272727272727,16.09090909090909,4.317073170731708
29,30.0,21.0,619.0,0.8095238095238095,16.19047619047619,58.95238095238095,3.6411764705882352
30,31.0,20.0,342.0,0.3684210526315789,7.0,34.2,4.885714285714286
31,32.0,19.0,84.0,0.15789473684210525,2.8421052631578947,8.842105263157896,3.111111111111111
32,33.0,18.0,72.0,0.1437908496732026,2.4444444444444446,8.0,3.272727272727273
33,34.0,18.0,75.0,0.13725490196078433,2.3333333333333335,8.333333333333334,3.5714285714285716
34,35.0,18.0,360.0,0.3464052287581699,5.888888888888889,40.0,6.7924528301886795
35,36.0,18.0,160.0,0.24836601307189543,4.222222222222222,17.77777777777778,4.2105263157894735
36,37.0,18.0,110.0,0.20915032679738563,3.5555555555555554,12.222222222222221,3.4375
37,38.0,17.0,62.0,0.14705882352941177,2.3529411764705883,7.294117647058823,3.1
38,39.0,16.0,56.0,0.14166666666666666,2.125,7.0,3.2941176470588234
39,40.0,15.0,54.0,0.1523809523809524,2.1333333333333333,7.2,3.375
40,41.0,13.0,54.0,0.23076923076923078,2.769230769230769,8.307692307692308,3.0
41,42.0,13.0,41.0,0.15384615384615385,1.8461538461538463,6.3076923076923075,3.4166666666666665
42,43.0,12.0,44.0,0.19696969696969696,2.1666666666666665,7.333333333333333,3.3846153846153846
43,44.0,12.0,59.0,0.24242424242424243,2.6666666666666665,9.833333333333334,3.6875
44,45.0,11.0,35.0,0.2,2.0,6.363636363636363,3.1818181818181817
45,46.0,11.0,139.0,0.8363636363636363,8.363636363636363,25.272727272727273,3.0217391304347827
46,47.0,11.0,42.0,0.23636363636363636,2.3636363636363638,7.636363636363637,3.230769230769231
47,48.0,11.0,70.0,0.2909090909090909,2.909090909090909,12.727272727272727,4.375
48,49.0,11.0,43.0,0.2545454545454545,2.5454545454545454,7.818181818181818,3.0714285714285716
49,50.0,11.0,66.0,0.36363636363636365,3.6363636363636362,12.0,3.3
50,51.0,11.0,56.0,0.23636363636363636,2.3636363636363638,10.181818181818182,4.3076923076923075
51,52.0,11.0,65.0,0.32727272727272727,3.272727272727273,11.818181818181818,3.611111111111111
52,53.0,10.0,52.0,0.3333333333333333,3.0,10.4,3.466666666666667
53,54.0,10.0,68.0,0.4222222222222222,3.8,13.6,3.5789473684210527
54,55.0,9.0,50.0,0.4166666666666667,3.3333333333333335,11.11111111111111,3.3333333333333335
55,56.0,9.0,35.0,0.3055555555555556,2.4444444444444446,7.777777777777778,3.1818181818181817
56,57.0,9.0,85.0,0.7222222222222222,5.777777777777778,18.88888888888889,3.269230769230769
57,58.0,9.0,34.0,0.3055555555555556,2.4444444444444446,7.555555555555555,3.090909090909091
58,59.0,9.0,30.0,0.25,2.0,6.666666666666667,3.3333333333333335
59,60.0,9.0,37.0,0.2777777777777778,2.2222222222222223,8.222222222222221,3.7
60,61.0,9.0,35.0,0.2777777777777778,2.2222222222222223,7.777777777777778,3.5
61,62.0,8.0,58.0,0.6071428571428571,4.25,14.5,3.411764705882353
62,63.0,8.0,22.0,0.25,1.75,5.5,3.142857142857143
63,64.0,8.0,64.0,0.39285714285714285,2.75,16.0,5.818181818181818
64,65.0,8.0,118.0,1.0,7.0,29.5,4.214285714285714
65,66.0,8.0,70.0,0.8214285714285714,5.75,17.5,3.0434782608695654
66,67.0,7.0,41.0,0.5238095238095238,3.142857142857143,11.714285714285714,3.727272727272727
67,68.0,7.0,36.0,0.47619047619047616,2.857142857142857,10.285714285714286,3.6
68,69.0,7.0,19.0,0.2857142857142857,1.7142857142857142,5.428571428571429,3.1666666666666665
69,70.0,7.0,30.0,0.42857142857142855,2.5714285714285716,8.571428571428571,3.3333333333333335
70,71.0,7.0,158.0,1.0,6.0,45.142857142857146,7.523809523809524
71,72.0,7.0,64.0,1.0,6.0,18.285714285714285,3.0476190476190474
72,73.0,7.0,26.0,0.3333333333333333,2.0,7.428571428571429,3.7142857142857144
73,74.0,7.0,27.0,0.3333333333333333,2.0,7.714285714285714,3.857142857142857
74,75.0,7.0,28.0,0.38095238095238093,2.2857142857142856,8.0,3.5
75,76.0,7.0,63.0,1.0,6.0,18.0,3.0
76,77.0,7.0,18.0,0.2857142857142857,1.7142857142857142,5.142857142857143,3.0
77,78.0,6.0,19.0,0.4,2.0,6.333333333333333,3.1666666666666665
78,79.0,6.0,21.0,0.4,2.0,7.0,3.5
79,80.0,6.0,33.0,0.7333333333333333,3.6666666666666665,11.0,3.0
80,81.0,6.0,27.0,0.5333333333333333,2.6666666666666665,9.0,3.375
81,82.0,6.0,55.0,1.0,5.0,18.333333333333332,3.6666666666666665
82,83.0,6.0,46.0,1.0,5.0,15.333333333333334,3.066666666666667
83,84.0,6.0,48.0,0.6666666666666666,3.3333333333333335,16.0,4.8
84,85.0,6.0,30.0,0.5333333333333333,2.6666666666666665,10.0,3.75
85,86.0,6.0,55.0,1.0,5.0,18.333333333333332,3.6666666666666665
86,87.0,6.0,18.0,0.4,2.0,6.0,3.0
87,88.0,6.0,33.0,0.6,3.0,11.0,3.6666666666666665
88,89.0,6.0,20.0,0.4,2.0,6.666666666666667,3.3333333333333335
89,90.0,6.0,17.0,0.3333333333333333,1.6666666666666667,5.666666666666667,3.4
90,91.0,6.0,22.0,0.4666666666666667,2.3333333333333335,7.333333333333333,3.142857142857143
91,92.0,6.0,24.0,0.4666666666666667,2.3333333333333335,8.0,3.4285714285714284
92,93.0,6.0,24.0,0.5333333333333333,2.6666666666666665,8.0,3.0
93,94.0,6.0,17.0,0.3333333333333333,1.6666666666666667,5.666666666666667,3.4
94,95.0,6.0,18.0,0.4,2.0,6.0,3.0
95,96.0,6.0,43.0,0.5333333333333333,2.6666666666666665,14.333333333333334,5.375
96,97.0,5.0,25.0,0.7,2.8,10.0,3.5714285714285716
97,98.0,5.0,12.0,0.4,1.6,4.8,3.0
98,99.0,5.0,22.0,0.6,2.4,8.8,3.6666666666666665
99,100.0,5.0,17.0,0.5,2.0,6.8,3.4
100,101.0,5.0,24.0,0.7,2.8,9.6,3.4285714285714284
101,102.0,5.0,31.0,1.0,4.0,12.4,3.1
102,103.0,5.0,31.0,0.8,3.2,12.4,3.875
103,104.0,5.0,24.0,0.7,2.8,9.6,3.4285714285714284
104,105.0,5.0,12.0,0.4,1.6,4.8,3.0
105,106.0,5.0,13.0,0.4,1.6,5.2,3.25
106,107.0,5.0,90.0,1.0,4.0,36.0,9.0
107,108.0,5.0,13.0,0.4,1.6,5.2,3.25
108,109.0,5.0,12.0,0.4,1.6,4.8,3.0
109,110.0,5.0,58.0,1.0,4.0,23.2,5.8
110,111.0,5.0,30.0,1.0,4.0,12.0,3.0
111,112.0,5.0,30.0,1.0,4.0,12.0,3.0
112,113.0,5.0,22.0,0.7,2.8,8.8,3.142857142857143
113,114.0,5.0,15.0,0.5,2.0,6.0,3.0
114,115.0,5.0,12.0,0.4,1.6,4.8,3.0
115,116.0,4.0,18.0,0.8333333333333334,2.5,9.0,3.6
116,117.0,4.0,9.0,0.5,1.5,4.5,3.0
117,118.0,4.0,48.0,1.0,3.0,24.0,8.0
118,119.0,4.0,78.0,1.0,3.0,39.0,13.0
119,120.0,4.0,13.0,0.6666666666666666,2.0,6.5,3.25
120,121.0,4.0,9.0,0.5,1.5,4.5,3.0
121,122.0,4.0,32.0,1.0,3.0,16.0,5.333333333333333
122,123.0,4.0,18.0,1.0,3.0,9.0,3.0
123,124.0,4.0,12.0,0.6666666666666666,2.0,6.0,3.0
124,125.0,4.0,16.0,0.6666666666666666,2.0,8.0,4.0
125,126.0,4.0,12.0,0.6666666666666666,2.0,6.0,3.0
126,127.0,4.0,9.0,0.5,1.5,4.5,3.0
127,128.0,4.0,31.0,1.0,3.0,15.5,5.166666666666667
128,129.0,4.0,9.0,0.5,1.5,4.5,3.0
129,130.0,4.0,12.0,0.6666666666666666,2.0,6.0,3.0
130,131.0,4.0,19.0,1.0,3.0,9.5,3.1666666666666665
131,132.0,4.0,24.0,1.0,3.0,12.0,4.0
132,133.0,4.0,18.0,0.8333333333333334,2.5,9.0,3.6
133,134.0,4.0,9.0,0.5,1.5,4.5,3.0
134,135.0,4.0,9.0,0.5,1.5,4.5,3.0
135,136.0,4.0,10.0,0.5,1.5,5.0,3.3333333333333335
136,137.0,4.0,19.0,1.0,3.0,9.5,3.1666666666666665
137,138.0,4.0,17.0,0.8333333333333334,2.5,8.5,3.4
138,139.0,4.0,23.0,1.0,3.0,11.5,3.8333333333333335
139,140.0,4.0,20.0,1.0,3.0,10.0,3.3333333333333335
140,141.0,4.0,9.0,0.5,1.5,4.5,3.0
141,142.0,4.0,16.0,0.8333333333333334,2.5,8.0,3.2
142,143.0,4.0,12.0,0.6666666666666666,2.0,6.0,3.0
143,144.0,4.0,13.0,0.6666666666666666,2.0,6.5,3.25
144,145.0,4.0,9.0,0.5,1.5,4.5,3.0
145,146.0,4.0,13.0,0.6666666666666666,2.0,6.5,3.25
146,147.0,4.0,19.0,1.0,3.0,9.5,3.1666666666666665
147,148.0,4.0,11.0,0.5,1.5,5.5,3.6666666666666665
148,149.0,4.0,9.0,0.5,1.5,4.5,3.0
149,150.0,4.0,12.0,0.6666666666666666,2.0,6.0,3.0
150,151.0,4.0,14.0,0.6666666666666666,2.0,7.0,3.5
151,152.0,4.0,18.0,0.6666666666666666,2.0,9.0,4.5
152,153.0,4.0,9.0,0.5,1.5,4.5,3.0
153,154.0,3.0,9.0,1.0,2.0,6.0,3.0
154,155.0,3.0,9.0,1.0,2.0,6.0,3.0
155,156.0,3.0,6.0,0.6666666666666666,1.3333333333333333,4.0,3.0
156,157.0,3.0,6.0,0.6666666666666666,1.3333333333333333,4.0,3.0
157,158.0,3.0,9.0,1.0,2.0,6.0,3.0
158,159.0,3.0,6.0,0.6666666666666666,1.3333333333333333,4.0,3.0
159,160.0,3.0,6.0,0.6666666666666666,1.3333333333333333,4.0,3.0
160,161.0,3.0,6.0,0.6666666666666666,1.3333333333333333,4.0,3.0
161,162.0,3.0,9.0,1.0,2.0,6.0,3.0
162,163.0,3.0,6.0,0.6666666666666666,1.3333333333333333,4.0,3.0
163,164.0,3.0,9.0,0.6666666666666666,1.3333333333333333,6.0,4.5
164,165.0,3.0,8.0,0.6666666666666666,1.3333333333333333,5.333333333333333,4.0
165,166.0,3.0,11.0,1.0,2.0,7.333333333333333,3.6666666666666665
166,167.0,3.0,22.0,1.0,2.0,14.666666666666666,7.333333333333333
167,168.0,3.0,13.0,1.0,2.0,8.666666666666666,4.333333333333333
168,169.0,3.0,6.0,0.6666666666666666,1.3333333333333333,4.0,3.0
169,170.0,3.0,6.0,0.6666666666666666,1.3333333333333333,4.0,3.0
170,171.0,3.0,6.0,0.6666666666666666,1.3333333333333333,4.0,3.0
171,172.0,3.0,6.0,0.6666666666666666,1.3333333333333333,4.0,3.0
172,173.0,3.0,7.0,0.6666666666666666,1.3333333333333333,4.666666666666667,3.5
173,174.0,3.0,18.0,1.0,2.0,12.0,6.0
174,175.0,3.0,7.0,0.6666666666666666,1.3333333333333333,4.666666666666667,3.5
175,176.0,3.0,9.0,1.0,2.0,6.0,3.0
176,177.0,3.0,6.0,0.6666666666666666,1.3333333333333333,4.0,3.0
177,178.0,3.0,9.0,1.0,2.0,6.0,3.0
178,179.0,3.0,6.0,0.6666666666666666,1.3333333333333333,4.0,3.0
179,180.0,3.0,6.0,0.6666666666666666,1.3333333333333333,4.0,3.0
180,181.0,3.0,6.0,0.6666666666666666,1.3333333333333333,4.0,3.0
181,182.0,3.0,6.0,0.6666666666666666,1.3333333333333333,4.0,3.0
182,183.0,3.0,6.0,0.6666666666666666,1.3333333333333333,4.0,3.0
183,184.0,3.0,9.0,1.0,2.0,6.0,3.0
184,185.0,3.0,10.0,1.0,2.0,6.666666666666667,3.3333333333333335
185,186.0,3.0,6.0,0.6666666666666666,1.3333333333333333,4.0,3.0
186,187.0,3.0,6.0,0.6666666666666666,1.3333333333333333,4.0,3.0
187,188.0,3.0,6.0,0.6666666666666666,1.3333333333333333,4.0,3.0
188,189.0,3.0,9.0,1.0,2.0,6.0,3.0
189,190.0,3.0,8.0,0.6666666666666666,1.3333333333333333,5.333333333333333,4.0
190,191.0,3.0,6.0,0.6666666666666666,1.3333333333333333,4.0,3.0
191,192.0,3.0,6.0,0.6666666666666666,1.3333333333333333,4.0,3.0
192,193.0,3.0,6.0,0.6666666666666666,1.3333333333333333,4.0,3.0
193,194.0,3.0,7.0,0.6666666666666666,1.3333333333333333,4.666666666666667,3.5
194,195.0,3.0,9.0,1.0,2.0,6.0,3.0
195,196.0,3.0,6.0,0.6666666666666666,1.3333333333333333,4.0,3.0
196,197.0,3.0,7.0,0.6666666666666666,1.3333333333333333,4.666666666666667,3.5
197,198.0,3.0,9.0,1.0,2.0,6.0,3.0
198,199.0,3.0,11.0,1.0,2.0,7.333333333333333,3.6666666666666665
199,200.0,3.0,6.0,0.6666666666666666,1.3333333333333333,4.0,3.0
200,201.0,3.0,6.0,0.6666666666666666,1.3333333333333333,4.0,3.0
201,202.0,3.0,9.0,1.0,2.0,6.0,3.0
202,203.0,3.0,10.0,1.0,2.0,6.666666666666667,3.3333333333333335
203,204.0,3.0,10.0,1.0,2.0,6.666666666666667,3.3333333333333335
204,205.0,3.0,13.0,1.0,2.0,8.666666666666666,4.333333333333333
205,206.0,3.0,6.0,0.6666666666666666,1.3333333333333333,4.0,3.0
206,207.0,3.0,6.0,0.6666666666666666,1.3333333333333333,4.0,3.0
207,208.0,3.0,11.0,0.6666666666666666,1.3333333333333333,7.333333333333333,5.5
208,209.0,3.0,6.0,0.6666666666666666,1.3333333333333333,4.0,3.0
209,210.0,3.0,6.0,0.6666666666666666,1.3333333333333333,4.0,3.0
210,211.0,3.0,6.0,0.6666666666666666,1.3333333333333333,4.0,3.0
211,212.0,3.0,8.0,0.6666666666666666,1.3333333333333333,5.333333333333333,4.0
212,213.0,3.0,7.0,0.6666666666666666,1.3333333333333333,4.666666666666667,3.5
213,214.0,3.0,6.0,0.6666666666666666,1.3333333333333333,4.0,3.0
214,215.0,3.0,7.0,0.6666666666666666,1.3333333333333333,4.666666666666667,3.5
215,216.0,3.0,6.0,0.6666666666666666,1.3333333333333333,4.0,3.0
216,217.0,3.0,10.0,1.0,2.0,6.666666666666667,3.3333333333333335
217,218.0,3.0,7.0,0.6666666666666666,1.3333333333333333,4.666666666666667,3.5
218,219.0,3.0,6.0,0.6666666666666666,1.3333333333333333,4.0,3.0
219,220.0,3.0,10.0,1.0,2.0,6.666666666666667,3.3333333333333335
220,221.0,3.0,6.0,0.6666666666666666,1.3333333333333333,4.0,3.0
221,222.0,3.0,8.0,0.6666666666666666,1.3333333333333333,5.333333333333333,4.0
222,223.0,3.0,9.0,1.0,2.0,6.0,3.0
223,224.0,3.0,6.0,0.6666666666666666,1.3333333333333333,4.0,3.0
224,225.0,3.0,6.0,0.6666666666666666,1.3333333333333333,4.0,3.0
225,226.0,3.0,10.0,1.0,2.0,6.666666666666667,3.3333333333333335
226,227.0,3.0,7.0,0.6666666666666666,1.3333333333333333,4.666666666666667,3.5
227,228.0,3.0,13.0,1.0,2.0,8.666666666666666,4.333333333333333
228,229.0,3.0,9.0,1.0,2.0,6.0,3.0
229,230.0,3.0,14.0,1.0,2.0,9.333333333333334,4.666666666666667
230,231.0,3.0,6.0,0.6666666666666666,1.3333333333333333,4.0,3.0
231,232.0,3.0,7.0,0.6666666666666666,1.3333333333333333,4.666666666666667,3.5
232,233.0,3.0,6.0,0.6666666666666666,1.3333333333333333,4.0,3.0
233,234.0,3.0,6.0,0.6666666666666666,1.3333333333333333,4.0,3.0
234,235.0,3.0,12.0,1.0,2.0,8.0,4.0
235,236.0,3.0,6.0,0.6666666666666666,1.3333333333333333,4.0,3.0
236,237.0,3.0,6.0,0.6666666666666666,1.3333333333333333,4.0,3.0
237,238.0,3.0,6.0,0.6666666666666666,1.3333333333333333,4.0,3.0
238,239.0,3.0,6.0,0.6666666666666666,1.3333333333333333,4.0,3.0
239,240.0,3.0,7.0,0.6666666666666666,1.3333333333333333,4.666666666666667,3.5
240,241.0,3.0,10.0,1.0,2.0,6.666666666666667,3.3333333333333335
241,242.0,3.0,6.0,0.6666666666666666,1.3333333333333333,4.0,3.0
242,243.0,3.0,6.0,0.6666666666666666,1.3333333333333333,4.0,3.0
243,244.0,3.0,6.0,0.6666666666666666,1.3333333333333333,4.0,3.0
244,245.0,3.0,9.0,1.0,2.0,6.0,3.0
245,246.0,3.0,13.0,1.0,2.0,8.666666666666666,4.333333333333333
246,247.0,3.0,8.0,0.6666666666666666,1.3333333333333333,5.333333333333333,4.0
247,248.0,3.0,13.0,1.0,2.0,8.666666666666666,4.333333333333333
248,249.0,3.0,9.0,1.0,2.0,6.0,3.0
249,250.0,3.0,6.0,0.6666666666666666,1.3333333333333333,4.0,3.0
250,251.0,3.0,7.0,0.6666666666666666,1.3333333333333333,4.666666666666667,3.5
251,252.0,2.0,3.0,1.0,1.0,3.0,3.0
252,253.0,2.0,3.0,1.0,1.0,3.0,3.0
253,254.0,2.0,3.0,1.0,1.0,3.0,3.0
254,255.0,2.0,5.0,1.0,1.0,5.0,5.0
255,256.0,2.0,3.0,1.0,1.0,3.0,3.0
256,257.0,2.0,3.0,1.0,1.0,3.0,3.0
257,258.0,2.0,3.0,1.0,1.0,3.0,3.0
258,259.0,2.0,3.0,1.0,1.0,3.0,3.0
259,260.0,2.0,3.0,1.0,1.0,3.0,3.0
260,261.0,2.0,3.0,1.0,1.0,3.0,3.0
261,262.0,2.0,4.0,1.0,1.0,4.0,4.0
262,263.0,2.0,3.0,1.0,1.0,3.0,3.0
263,264.0,2.0,3.0,1.0,1.0,3.0,3.0
264,265.0,2.0,3.0,1.0,1.0,3.0,3.0
265,266.0,2.0,9.0,1.0,1.0,9.0,9.0
266,267.0,2.0,3.0,1.0,1.0,3.0,3.0
267,268.0,2.0,4.0,1.0,1.0,4.0,4.0
268,269.0,2.0,3.0,1.0,1.0,3.0,3.0
269,270.0,2.0,3.0,1.0,1.0,3.0,3.0
270,271.0,2.0,6.0,1.0,1.0,6.0,6.0
271,272.0,2.0,3.0,1.0,1.0,3.0,3.0
272,273.0,2.0,3.0,1.0,1.0,3.0,3.0
273,274.0,2.0,4.0,1.0,1.0,4.0,4.0
274,275.0,2.0,4.0,1.0,1.0,4.0,4.0
275,276.0,2.0,3.0,1.0,1.0,3.0,3.0
276,277.0,2.0,3.0,1.0,1.0,3.0,3.0
277,278.0,2.0,3.0,1.0,1.0,3.0,3.0
278,279.0,2.0,3.0,1.0,1.0,3.0,3.0
279,280.0,2.0,3.0,1.0,1.0,3.0,3.0
280,281.0,2.0,3.0,1.0,1.0,3.0,3.0
281,282.0,2.0,3.0,1.0,1.0,3.0,3.0
282,283.0,2.0,3.0,1.0,1.0,3.0,3.0
283,284.0,2.0,3.0,1.0,1.0,3.0,3.0
284,285.0,2.0,3.0,1.0,1.0,3.0,3.0
285,286.0,2.0,3.0,1.0,1.0,3.0,3.0
286,287.0,2.0,4.0,1.0,1.0,4.0,4.0
287,288.0,2.0,3.0,1.0,1.0,3.0,3.0
288,289.0,2.0,3.0,1.0,1.0,3.0,3.0
289,290.0,2.0,3.0,1.0,1.0,3.0,3.0
290,291.0,2.0,3.0,1.0,1.0,3.0,3.0
291,292.0,2.0,3.0,1.0,1.0,3.0,3.0
292,293.0,2.0,3.0,1.0,1.0,3.0,3.0
293,294.0,2.0,3.0,1.0,1.0,3.0,3.0
294,295.0,2.0,3.0,1.0,1.0,3.0,3.0
295,296.0,2.0,4.0,1.0,1.0,4.0,4.0
296,297.0,2.0,4.0,1.0,1.0,4.0,4.0
297,298.0,2.0,3.0,1.0,1.0,3.0,3.0
298,299.0,2.0,3.0,1.0,1.0,3.0,3.0
299,300.0,2.0,3.0,1.0,1.0,3.0,3.0
300,301.0,2.0,3.0,1.0,1.0,3.0,3.0
301,302.0,2.0,3.0,1.0,1.0,3.0,3.0
302,303.0,2.0,4.0,1.0,1.0,4.0,4.0
303,304.0,2.0,5.0,1.0,1.0,5.0,5.0
304,305.0,2.0,3.0,1.0,1.0,3.0,3.0
305,306.0,2.0,4.0,1.0,1.0,4.0,4.0
306,307.0,2.0,3.0,1.0,1.0,3.0,3.0
307,308.0,2.0,3.0,1.0,1.0,3.0,3.0
308,309.0,2.0,3.0,1.0,1.0,3.0,3.0
309,310.0,2.0,3.0,1.0,1.0,3.0,3.0
310,311.0,2.0,3.0,1.0,1.0,3.0,3.0
311,312.0,2.0,3.0,1.0,1.0,3.0,3.0
312,313.0,2.0,4.0,1.0,1.0,4.0,4.0
313,314.0,2.0,3.0,1.0,1.0,3.0,3.0
314,315.0,2.0,3.0,1.0,1.0,3.0,3.0
315,316.0,2.0,3.0,1.0,1.0,3.0,3.0
316,317.0,2.0,3.0,1.0,1.0,3.0,3.0
317,318.0,2.0,5.0,1.0,1.0,5.0,5.0
318,319.0,2.0,3.0,1.0,1.0,3.0,3.0
319,320.0,2.0,14.0,1.0,1.0,14.0,14.0
320,321.0,2.0,3.0,1.0,1.0,3.0,3.0
321,322.0,2.0,3.0,1.0,1.0,3.0,3.0
322,323.0,2.0,3.0,1.0,1.0,3.0,3.0
323,324.0,2.0,3.0,1.0,1.0,3.0,3.0
324,325.0,2.0,3.0,1.0,1.0,3.0,3.0
325,326.0,2.0,3.0,1.0,1.0,3.0,3.0
326,327.0,2.0,3.0,1.0,1.0,3.0,3.0
327,328.0,2.0,4.0,1.0,1.0,4.0,4.0
328,329.0,2.0,3.0,1.0,1.0,3.0,3.0
329,330.0,2.0,3.0,1.0,1.0,3.0,3.0
330,331.0,2.0,3.0,1.0,1.0,3.0,3.0
331,332.0,2.0,3.0,1.0,1.0,3.0,3.0
332,333.0,2.0,3.0,1.0,1.0,3.0,3.0
333,334.0,2.0,3.0,1.0,1.0,3.0,3.0
334,335.0,2.0,3.0,1.0,1.0,3.0,3.0
335,336.0,2.0,3.0,1.0,1.0,3.0,3.0
336,337.0,2.0,3.0,1.0,1.0,3.0,3.0
337,338.0,2.0,4.0,1.0,1.0,4.0,4.0
338,339.0,2.0,4.0,1.0,1.0,4.0,4.0
339,340.0,2.0,3.0,1.0,1.0,3.0,3.0
340,341.0,2.0,3.0,1.0,1.0,3.0,3.0
341,342.0,2.0,3.0,1.0,1.0,3.0,3.0
342,343.0,2.0,3.0,1.0,1.0,3.0,3.0
343,344.0,2.0,4.0,1.0,1.0,4.0,4.0
344,345.0,2.0,3.0,1.0,1.0,3.0,3.0
345,346.0,2.0,3.0,1.0,1.0,3.0,3.0
346,347.0,2.0,3.0,1.0,1.0,3.0,3.0
347,348.0,2.0,3.0,1.0,1.0,3.0,3.0
348,349.0,2.0,3.0,1.0,1.0,3.0,3.0
349,350.0,2.0,3.0,1.0,1.0,3.0,3.0
350,351.0,2.0,3.0,1.0,1.0,3.0,3.0
351,352.0,2.0,3.0,1.0,1.0,3.0,3.0
352,353.0,2.0,3.0,1.0,1.0,3.0,3.0
353,354.0,2.0,3.0,1.0,1.0,3.0,3.0
354,355.0,2.0,4.0,1.0,1.0,4.0,4.0
355,356.0,2.0,3.0,1.0,1.0,3.0,3.0
356,357.0,2.0,3.0,1.0,1.0,3.0,3.0
357,358.0,2.0,3.0,1.0,1.0,3.0,3.0
358,359.0,2.0,3.0,1.0,1.0,3.0,3.0
359,360.0,2.0,3.0,1.0,1.0,3.0,3.0
360,361.0,2.0,3.0,1.0,1.0,3.0,3.0
361,362.0,2.0,3.0,1.0,1.0,3.0,3.0
362,363.0,2.0,3.0,1.0,1.0,3.0,3.0
363,364.0,2.0,3.0,1.0,1.0,3.0,3.0
364,365.0,2.0,3.0,1.0,1.0,3.0,3.0
365,366.0,2.0,3.0,1.0,1.0,3.0,3.0
366,367.0,2.0,3.0,1.0,1.0,3.0,3.0
367,368.0,2.0,8.0,1.0,1.0,8.0,8.0
368,369.0,2.0,3.0,1.0,1.0,3.0,3.0
369,370.0,2.0,3.0,1.0,1.0,3.0,3.0
370,371.0,2.0,3.0,1.0,1.0,3.0,3.0
371,372.0,2.0,3.0,1.0,1.0,3.0,3.0
372,373.0,2.0,3.0,1.0,1.0,3.0,3.0
373,374.0,2.0,3.0,1.0,1.0,3.0,3.0
374,375.0,2.0,3.0,1.0,1.0,3.0,3.0
375,376.0,2.0,8.0,1.0,1.0,8.0,8.0
376,377.0,2.0,3.0,1.0,1.0,3.0,3.0
377,378.0,2.0,3.0,1.0,1.0,3.0,3.0
378,379.0,2.0,3.0,1.0,1.0,3.0,3.0
379,380.0,2.0,3.0,1.0,1.0,3.0,3.0
380,381.0,2.0,3.0,1.0,1.0,3.0,3.0
381,382.0,2.0,3.0,1.0,1.0,3.0,3.0
382,383.0,2.0,3.0,1.0,1.0,3.0,3.0
383,384.0,2.0,3.0,1.0,1.0,3.0,3.0
384,385.0,2.0,4.0,1.0,1.0,4.0,4.0
385,386.0,2.0,3.0,1.0,1.0,3.0,3.0
386,387.0,2.0,5.0,1.0,1.0,5.0,5.0
387,388.0,2.0,3.0,1.0,1.0,3.0,3.0
388,389.0,2.0,3.0,1.0,1.0,3.0,3.0
389,390.0,2.0,3.0,1.0,1.0,3.0,3.0
390,391.0,2.0,3.0,1.0,1.0,3.0,3.0
391,392.0,2.0,5.0,1.0,1.0,5.0,5.0
392,393.0,2.0,4.0,1.0,1.0,4.0,4.0
393,394.0,2.0,4.0,1.0,1.0,4.0,4.0
394,395.0,2.0,3.0,1.0,1.0,3.0,3.0
395,396.0,2.0,3.0,1.0,1.0,3.0,3.0
396,397.0,2.0,3.0,1.0,1.0,3.0,3.0
397,398.0,2.0,3.0,1.0,1.0,3.0,3.0
398,399.0,2.0,3.0,1.0,1.0,3.0,3.0
399,400.0,2.0,3.0,1.0,1.0,3.0,3.0
400,401.0,2.0,3.0,1.0,1.0,3.0,3.0
401,402.0,2.0,3.0,1.0,1.0,3.0,3.0
402,403.0,2.0,3.0,1.0,1.0,3.0,3.0
403,404.0,2.0,3.0,1.0,1.0,3.0,3.0
404,405.0,2.0,3.0,1.0,1.0,3.0,3.0
405,406.0,2.0,3.0,1.0,1.0,3.0,3.0
406,407.0,2.0,3.0,1.0,1.0,3.0,3.0
407,408.0,2.0,3.0,1.0,1.0,3.0,3.0
408,409.0,2.0,3.0,1.0,1.0,3.0,3.0
409,410.0,2.0,3.0,1.0,1.0,3.0,3.0
410,411.0,2.0,3.0,1.0,1.0,3.0,3.0
411,412.0,2.0,3.0,1.0,1.0,3.0,3.0
412,413.0,2.0,3.0,1.0,1.0,3.0,3.0
413,414.0,2.0,3.0,1.0,1.0,3.0,3.0
414,415.0,2.0,3.0,1.0,1.0,3.0,3.0
415,416.0,2.0,3.0,1.0,1.0,3.0,3.0
416,417.0,2.0,3.0,1.0,1.0,3.0,3.0
417,418.0,2.0,4.0,1.0,1.0,4.0,4.0
418,419.0,2.0,3.0,1.0,1.0,3.0,3.0
419,420.0,2.0,3.0,1.0,1.0,3.0,3.0
420,421.0,2.0,3.0,1.0,1.0,3.0,3.0
421,422.0,2.0,3.0,1.0,1.0,3.0,3.0
422,423.0,2.0,3.0,1.0,1.0,3.0,3.0
423,424.0,2.0,3.0,1.0,1.0,3.0,3.0
424,425.0,2.0,3.0,1.0,1.0,3.0,3.0
425,426.0,2.0,3.0,1.0,1.0,3.0,3.0
426,427.0,2.0,3.0,1.0,1.0,3.0,3.0
427,428.0,2.0,3.0,1.0,1.0,3.0,3.0
428,429.0,2.0,3.0,1.0,1.0,3.0,3.0
429,430.0,2.0,3.0,1.0,1.0,3.0,3.0
430,431.0,2.0,3.0,1.0,1.0,3.0,3.0
431,432.0,2.0,3.0,1.0,1.0,3.0,3.0
432,433.0,2.0,3.0,1.0,1.0,3.0,3.0
433,434.0,2.0,3.0,1.0,1.0,3.0,3.0
434,435.0,2.0,3.0,1.0,1.0,3.0,3.0
435,436.0,2.0,3.0,1.0,1.0,3.0,3.0
436,437.0,2.0,3.0,1.0,1.0,3.0,3.0
437,438.0,2.0,3.0,1.0,1.0,3.0,3.0
438,439.0,2.0,3.0,1.0,1.0,3.0,3.0
439,440.0,2.0,3.0,1.0,1.0,3.0,3.0
440,441.0,2.0,3.0,1.0,1.0,3.0,3.0
441,442.0,2.0,3.0,1.0,1.0,3.0,3.0
442,443.0,2.0,3.0,1.0,1.0,3.0,3.0
443,444.0,2.0,3.0,1.0,1.0,3.0,3.0
444,445.0,2.0,4.0,1.0,1.0,4.0,4.0
445,446.0,2.0,3.0,1.0,1.0,3.0,3.0
446,447.0,2.0,3.0,1.0,1.0,3.0,3.0
447,448.0,2.0,4.0,1.0,1.0,4.0,4.0
448,449.0,2.0,3.0,1.0,1.0,3.0,3.0
449,450.0,2.0,3.0,1.0,1.0,3.0,3.0
450,451.0,2.0,3.0,1.0,1.0,3.0,3.0
451,452.0,2.0,3.0,1.0,1.0,3.0,3.0
452,453.0,2.0,3.0,1.0,1.0,3.0,3.0
453,454.0,2.0,3.0,1.0,1.0,3.0,3.0
454,455.0,2.0,3.0,1.0,1.0,3.0,3.0
455,456.0,2.0,3.0,1.0,1.0,3.0,3.0
456,457.0,2.0,3.0,1.0,1.0,3.0,3.0
457,458.0,2.0,3.0,1.0,1.0,3.0,3.0
458,459.0,2.0,4.0,1.0,1.0,4.0,4.0
459,460.0,2.0,3.0,1.0,1.0,3.0,3.0
460,461.0,2.0,3.0,1.0,1.0,3.0,3.0
461,462.0,2.0,3.0,1.0,1.0,3.0,3.0
462,463.0,2.0,4.0,1.0,1.0,4.0,4.0
463,464.0,2.0,3.0,1.0,1.0,3.0,3.0
464,465.0,2.0,3.0,1.0,1.0,3.0,3.0
465,466.0,2.0,3.0,1.0,1.0,3.0,3.0
466,467.0,2.0,6.0,1.0,1.0,6.0,6.0
467,468.0,2.0,4.0,1.0,1.0,4.0,4.0
468,469.0,2.0,9.0,1.0,1.0,9.0,9.0
469,470.0,2.0,3.0,1.0,1.0,3.0,3.0
470,471.0,2.0,3.0,1.0,1.0,3.0,3.0
471,472.0,2.0,5.0,1.0,1.0,5.0,5.0
472,473.0,2.0,3.0,1.0,1.0,3.0,3.0
473,474.0,2.0,3.0,1.0,1.0,3.0,3.0
474,475.0,2.0,3.0,1.0,1.0,3.0,3.0
475,476.0,2.0,3.0,1.0,1.0,3.0,3.0
476,477.0,2.0,3.0,1.0,1.0,3.0,3.0
477,478.0,2.0,3.0,1.0,1.0,3.0,3.0
478,479.0,2.0,4.0,1.0,1.0,4.0,4.0
479,480.0,2.0,3.0,1.0,1.0,3.0,3.0
480,481.0,2.0,3.0,1.0,1.0,3.0,3.0
481,482.0,2.0,3.0,1.0,1.0,3.0,3.0
482,483.0,2.0,3.0,1.0,1.0,3.0,3.0
483,484.0,2.0,3.0,1.0,1.0,3.0,3.0
484,485.0,2.0,3.0,1.0,1.0,3.0,3.0
485,486.0,2.0,3.0,1.0,1.0,3.0,3.0
486,487.0,2.0,3.0,1.0,1.0,3.0,3.0
487,488.0,2.0,3.0,1.0,1.0,3.0,3.0
488,489.0,2.0,3.0,1.0,1.0,3.0,3.0
489,490.0,2.0,3.0,1.0,1.0,3.0,3.0
490,491.0,2.0,3.0,1.0,1.0,3.0,3.0
491,492.0,2.0,5.0,1.0,1.0,5.0,5.0
492,493.0,2.0,5.0,1.0,1.0,5.0,5.0
493,494.0,2.0,3.0,1.0,1.0,3.0,3.0
494,495.0,2.0,3.0,1.0,1.0,3.0,3.0
495,496.0,2.0,3.0,1.0,1.0,3.0,3.0
496,497.0,2.0,3.0,1.0,1.0,3.0,3.0
497,498.0,2.0,3.0,1.0,1.0,3.0,3.0
498,499.0,2.0,3.0,1.0,1.0,3.0,3.0
499,500.0,2.0,3.0,1.0,1.0,3.0,3.0
500,501.0,2.0,3.0,1.0,1.0,3.0,3.0
501,502.0,2.0,3.0,1.0,1.0,3.0,3.0
502,503.0,2.0,3.0,1.0,1.0,3.0,3.0
503,504.0,2.0,3.0,1.0,1.0,3.0,3.0
504,505.0,2.0,3.0,1.0,1.0,3.0,3.0
505,506.0,2.0,3.0,1.0,1.0,3.0,3.0
506,507.0,2.0,3.0,1.0,1.0,3.0,3.0
507,508.0,2.0,4.0,1.0,1.0,4.0,4.0
508,509.0,2.0,3.0,1.0,1.0,3.0,3.0
509,510.0,2.0,3.0,1.0,1.0,3.0,3.0
510,511.0,2.0,3.0,1.0,1.0,3.0,3.0
511,512.0,2.0,3.0,1.0,1.0,3.0,3.0
512,513.0,2.0,3.0,1.0,1.0,3.0,3.0
513,514.0,2.0,3.0,1.0,1.0,3.0,3.0
514,515.0,2.0,3.0,1.0,1.0,3.0,3.0
515,516.0,2.0,3.0,1.0,1.0,3.0,3.0
516,517.0,2.0,3.0,1.0,1.0,3.0,3.0
517,518.0,2.0,3.0,1.0,1.0,3.0,3.0
518,519.0,2.0,3.0,1.0,1.0,3.0,3.0
519,520.0,2.0,3.0,1.0,1.0,3.0,3.0
520,521.0,2.0,4.0,1.0,1.0,4.0,4.0
521,522.0,2.0,3.0,1.0,1.0,3.0,3.0
522,523.0,2.0,3.0,1.0,1.0,3.0,3.0
523,524.0,2.0,3.0,1.0,1.0,3.0,3.0
524,525.0,2.0,3.0,1.0,1.0,3.0,3.0
525,526.0,2.0,3.0,1.0,1.0,3.0,3.0
526,527.0,2.0,3.0,1.0,1.0,3.0,3.0
527,528.0,2.0,3.0,1.0,1.0,3.0,3.0
528,529.0,2.0,6.0,1.0,1.0,6.0,6.0
529,530.0,2.0,4.0,1.0,1.0,4.0,4.0
530,531.0,2.0,3.0,1.0,1.0,3.0,3.0
531,532.0,2.0,3.0,1.0,1.0,3.0,3.0
532,533.0,2.0,3.0,1.0,1.0,3.0,3.0
533,534.0,2.0,3.0,1.0,1.0,3.0,3.0
534,535.0,2.0,4.0,1.0,1.0,4.0,4.0
535,536.0,2.0,3.0,1.0,1.0,3.0,3.0
536,537.0,2.0,4.0,1.0,1.0,4.0,4.0
537,538.0,2.0,4.0,1.0,1.0,4.0,4.0
538,539.0,2.0,3.0,1.0,1.0,3.0,3.0
539,540.0,2.0,3.0,1.0,1.0,3.0,3.0
540,541.0,2.0,3.0,1.0,1.0,3.0,3.0
541,542.0,2.0,3.0,1.0,1.0,3.0,3.0
542,543.0,2.0,3.0,1.0,1.0,3.0,3.0
543,544.0,2.0,3.0,1.0,1.0,3.0,3.0
544,545.0,2.0,3.0,1.0,1.0,3.0,3.0
545,546.0,2.0,3.0,1.0,1.0,3.0,3.0
546,547.0,2.0,3.0,1.0,1.0,3.0,3.0
547,548.0,2.0,3.0,1.0,1.0,3.0,3.0
548,549.0,2.0,3.0,1.0,1.0,3.0,3.0
549,550.0,2.0,3.0,1.0,1.0,3.0,3.0
550,551.0,2.0,3.0,1.0,1.0,3.0,3.0
551,552.0,2.0,3.0,1.0,1.0,3.0,3.0
552,553.0,2.0,4.0,1.0,1.0,4.0,4.0
553,554.0,2.0,3.0,1.0,1.0,3.0,3.0
554,555.0,2.0,3.0,1.0,1.0,3.0,3.0
555,556.0,2.0,3.0,1.0,1.0,3.0,3.0
556,557.0,2.0,3.0,1.0,1.0,3.0,3.0
557,558.0,2.0,3.0,1.0,1.0,3.0,3.0
558,559.0,2.0,3.0,1.0,1.0,3.0,3.0
559,560.0,2.0,3.0,1.0,1.0,3.0,3.0
560,561.0,2.0,3.0,1.0,1.0,3.0,3.0
561,562.0,2.0,3.0,1.0,1.0,3.0,3.0
562,563.0,2.0,3.0,1.0,1.0,3.0,3.0
563,564.0,2.0,3.0,1.0,1.0,3.0,3.0
564,565.0,2.0,3.0,1.0,1.0,3.0,3.0
565,566.0,2.0,3.0,1.0,1.0,3.0,3.0
566,567.0,2.0,3.0,1.0,1.0,3.0,3.0
567,568.0,2.0,3.0,1.0,1.0,3.0,3.0
568,569.0,2.0,3.0,1.0,1.0,3.0,3.0
569,570.0,2.0,3.0,1.0,1.0,3.0,3.0
570,571.0,2.0,3.0,1.0,1.0,3.0,3.0
571,572.0,2.0,5.0,1.0,1.0,5.0,5.0
572,573.0,2.0,3.0,1.0,1.0,3.0,3.0
573,574.0,2.0,3.0,1.0,1.0,3.0,3.0
574,575.0,2.0,5.0,1.0,1.0,5.0,5.0
575,576.0,2.0,3.0,1.0,1.0,3.0,3.0
576,577.0,2.0,3.0,1.0,1.0,3.0,3.0
577,578.0,2.0,3.0,1.0,1.0,3.0,3.0
578,579.0,2.0,3.0,1.0,1.0,3.0,3.0
579,580.0,2.0,3.0,1.0,1.0,3.0,3.0
580,581.0,2.0,3.0,1.0,1.0,3.0,3.0
581,582.0,2.0,3.0,1.0,1.0,3.0,3.0
582,583.0,2.0,3.0,1.0,1.0,3.0,3.0
583,584.0,2.0,3.0,1.0,1.0,3.0,3.0
584,585.0,2.0,3.0,1.0,1.0,3.0,3.0
585,586.0,2.0,3.0,1.0,1.0,3.0,3.0
586,587.0,2.0,3.0,1.0,1.0,3.0,3.0
587,588.0,2.0,3.0,1.0,1.0,3.0,3.0
588,589.0,2.0,3.0,1.0,1.0,3.0,3.0
589,590.0,2.0,3.0,1.0,1.0,3.0,3.0
590,591.0,2.0,3.0,1.0,1.0,3.0,3.0
591,592.0,2.0,4.0,1.0,1.0,4.0,4.0
592,593.0,2.0,3.0,1.0,1.0,3.0,3.0
593,594.0,2.0,3.0,1.0,1.0,3.0,3.0
594,595.0,2.0,3.0,1.0,1.0,3.0,3.0
595,596.0,2.0,3.0,1.0,1.0,3.0,3.0
596,597.0,2.0,3.0,1.0,1.0,3.0,3.0
597,598.0,2.0,3.0,1.0,1.0,3.0,3.0
598,599.0,2.0,3.0,1.0,1.0,3.0,3.0
599,600.0,2.0,4.0,1.0,1.0,4.0,4.0
600,601.0,2.0,3.0,1.0,1.0,3.0,3.0
601,602.0,2.0,3.0,1.0,1.0,3.0,3.0
602,603.0,2.0,4.0,1.0,1.0,4.0,4.0
603,604.0,2.0,3.0,1.0,1.0,3.0,3.0
604,605.0,2.0,3.0,1.0,1.0,3.0,3.0
605,606.0,2.0,3.0,1.0,1.0,3.0,3.0
606,607.0,2.0,3.0,1.0,1.0,3.0,3.0
607,608.0,2.0,3.0,1.0,1.0,3.0,3.0
608,609.0,2.0,6.0,1.0,1.0,6.0,6.0
609,610.0,2.0,3.0,1.0,1.0,3.0,3.0
610,611.0,2.0,3.0,1.0,1.0,3.0,3.0
611,612.0,2.0,3.0,1.0,1.0,3.0,3.0
612,613.0,2.0,3.0,1.0,1.0,3.0,3.0
613,614.0,2.0,3.0,1.0,1.0,3.0,3.0
614,615.0,2.0,3.0,1.0,1.0,3.0,3.0
615,616.0,2.0,3.0,1.0,1.0,3.0,3.0
616,617.0,2.0,3.0,1.0,1.0,3.0,3.0
617,618.0,2.0,3.0,1.0,1.0,3.0,3.0
618,619.0,2.0,3.0,1.0,1.0,3.0,3.0
619,620.0,2.0,3.0,1.0,1.0,3.0,3.0
620,621.0,2.0,3.0,1.0,1.0,3.0,3.0
621,622.0,2.0,3.0,1.0,1.0,3.0,3.0
622,623.0,2.0,3.0,1.0,1.0,3.0,3.0
623,624.0,2.0,3.0,1.0,1.0,3.0,3.0
624,625.0,2.0,3.0,1.0,1.0,3.0,3.0
625,626.0,2.0,3.0,1.0,1.0,3.0,3.0
626,627.0,2.0,3.0,1.0,1.0,3.0,3.0
627,628.0,2.0,3.0,1.0,1.0,3.0,3.0
628,629.0,2.0,3.0,1.0,1.0,3.0,3.0
629,630.0,2.0,6.0,1.0,1.0,6.0,6.0
630,631.0,2.0,3.0,1.0,1.0,3.0,3.0
631,632.0,2.0,3.0,1.0,1.0,3.0,3.0
632,633.0,2.0,3.0,1.0,1.0,3.0,3.0
633,634.0,2.0,3.0,1.0,1.0,3.0,3.0
634,635.0,2.0,3.0,1.0,1.0,3.0,3.0
635,636.0,2.0,3.0,1.0,1.0,3.0,3.0
636,637.0,2.0,3.0,1.0,1.0,3.0,3.0
637,638.0,2.0,3.0,1.0,1.0,3.0,3.0
638,639.0,2.0,3.0,1.0,1.0,3.0,3.0
639,640.0,2.0,3.0,1.0,1.0,3.0,3.0
640,641.0,2.0,3.0,1.0,1.0,3.0,3.0
641,642.0,2.0,3.0,1.0,1.0,3.0,3.0
642,643.0,2.0,4.0,1.0,1.0,4.0,4.0
643,644.0,2.0,3.0,1.0,1.0,3.0,3.0
644,645.0,2.0,3.0,1.0,1.0,3.0,3.0
645,646.0,2.0,3.0,1.0,1.0,3.0,3.0
