,year,Community,average_age,rolling_average_age
0,1908,1,0.0,
1,1908,2,31.0,
2,1908,3,0.0,
3,1908,4,0.0,
4,1908,5,0.0,0.0
5,1908,6,0.0,0.0
6,1908,7,0.0,0.0
7,1908,8,0.0,0.0
8,1908,9,0.0,0.0
9,1908,10,0.0,-10.2
10,1908,11,0.0,-10.2
11,1908,12,0.0,-10.2
12,1908,13,0.0,-5.8
13,1908,14,0.0,-5.8
14,1908,15,0.0,4.4
15,1908,16,32.666666666666664,4.4
16,1908,17,0.0,4.4
17,1908,18,0.0,0.0
18,1908,19,0.0,0.0
19,1908,20,0.0,0.0
20,1909,1,0.0,0.0
21,1909,2,23.666666666666668,0.0
22,1909,3,0.0,0.0
23,1909,4,0.0,0.0
24,1909,5,0.0,-5.4
25,1909,6,0.0,-5.4
26,1909,7,0.0,-2.0
27,1909,8,0.0,1.6
28,1909,9,0.0,7.4
29,1909,10,0.0,18.0
30,1909,11,0.0,21.466666666666665
31,1909,12,0.0,20.6
32,1909,13,0.0,23.2
33,1909,14,0.0,23.6
34,1909,15,0.0,21.071428571428573
35,1909,16,30.5,21.604761904761908
36,1909,17,0.0,26.13809523809524
37,1909,18,17.0,26.418095238095237
38,1909,19,0.0,24.118095238095236
39,1909,20,0.0,27.296666666666663
40,1910,1,0.0,29.953809523809525
41,1910,2,29.5,28.387142857142855
42,1910,3,0.0,28.56868131868132
43,1910,4,31.0,30.90201465201465
44,1910,5,0.0,31.633832833832834
45,1910,6,0.0,31.515151515151512
46,1910,7,0.0,32.75361305361305
47,1910,8,0.0,32.86207459207459
48,1910,9,0.0,32.62874125874126
49,1910,10,0.0,31.991367521367522
50,1910,11,0.0,31.852905982905988
51,1910,12,0.0,31.533492063492066
52,1910,13,16.0,32.075992063492066
53,1910,14,0.0,32.909325396825395
54,1910,15,0.0,33.56488095238095
55,1910,16,30.0,33.54265873015873
56,1910,17,0.0,33.82646825396826
57,1910,18,31.666666666666668,33.65336219336219
58,1910,19,0.0,33.483443494175205
59,1910,20,0.0,33.61929255077898
60,1911,1,0.0,34.32613015761658
61,1911,2,23.0,34.67781846930489
62,1911,3,0.0,34.420352240754326
63,1911,4,0.0,34.432262281932665
64,1911,5,0.0,34.652227178817256
65,1911,6,0.0,34.61030842341536
66,1911,7,0.0,34.748355561462496
67,1911,8,0.0,34.7169541664086
68,1911,9,0.0,35.31570356515799
69,1911,10,0.0,36.034698771974966
70,1911,11,0.0,36.399196387365805
71,1911,12,0.0,36.5091037947732
72,1911,13,0.0,36.88499257332336
73,1911,14,0.0,36.91295931557581
74,1911,15,0.0,36.7067215838419
75,1911,16,31.0,36.689878216430564
76,1911,17,0.0,36.67561351054822
77,1911,18,26.0,36.83615493794771
78,1911,19,0.0,36.81125697876404
79,1911,20,0.0,36.9178334791867
80,1912,1,0.0,37.20668488119599
81,1912,2,25.22222222222222,37.53280856143733
82,1912,3,0.0,38.031789539698195
83,1912,4,0.0,38.524646682555336
84,1912,5,0.0,38.70456048195631
85,1912,6,0.0,38.952630930026764
86,1912,7,-55.333333333333336,39.143466760862594
87,1912,8,0.0,39.24186661026018
88,1912,9,0.0,39.47661980952892
89,1912,10,0.0,39.99531954902376
90,1912,11,0.0,40.3273470059131
91,1912,12,0.0,40.83634023490633
92,1912,13,31.5,41.22162745888758
93,1912,14,0.0,41.560455340699924
94,1912,15,0.0,41.92587615560389
95,1912,16,31.666666666666668,42.29637049198977
96,1912,17,0.0,42.6858473792677
97,1912,18,28.523809523809526,43.2835338779451
98,1912,19,0.0,44.063006689079586
99,1912,20,0.0,44.80382440628572
100,1913,1,0.0,45.540860756016926
101,1913,2,26.5,46.43442766846099
102,1913,3,0.0,46.967301439288306
103,1913,4,4.0,47.59632675499353
104,1913,5,0.0,48.12754170826455
105,1913,6,0.0,48.54252901980358
106,1913,7,0.0,48.07863051922688
107,1913,8,0.0,48.87844567634333
108,1913,9,0.0,48.76636646842255
109,1913,10,0.0,
110,1913,11,0.0,
111,1913,12,0.0,
112,1913,13,0.0,
113,1913,14,0.0,26.477777777777778
114,1913,15,0.0,25.577777777777776
115,1913,16,25.666666666666668,27.27777777777778
116,1913,17,0.0,27.873015873015873
117,1913,18,30.742857142857144,30.439682539682543
118,1913,19,0.0,32.0512380952381
119,1913,20,0.0,33.740711779448624
120,1914,1,0.0,34.071664160401
121,1914,2,32.166666666666664,33.95142606516291
122,1914,3,0.0,33.55318045112782
123,1914,4,0.0,33.90829156223893
124,1914,5,0.0,33.715114174324704
125,1914,6,0.0,33.379399888610415
126,1914,7,0.0,33.51484764980445
127,1914,8,0.0,33.29437180265232
128,1914,9,0.0,33.130572519498195
129,1914,10,0.0,33.11889160781728
130,1914,11,0.0,33.94098684591252
131,1914,12,0.0,34.79140864993588
132,1914,13,25.9,35.422902696792875
133,1914,14,0.0,36.18798756305076
134,1914,15,0.0,36.97318349919009
135,1914,16,28.772727272727273,37.40697629198289
136,1914,17,0.0,37.8382989189577
137,1914,18,32.69047619047619,38.35995856772014
138,1914,19,0.0,38.48606933619183
139,1914,20,0.0,38.68818783999852
140,1915,1,0.0,39.01955951510371
141,1915,2,32.476190476190474,39.258489771891114
142,1915,3,0.0,39.70834325174459
143,1915,4,0.0,40.15511497687528
144,1915,5,0.0,40.563778144227626
145,1915,6,0.0,40.956255615004224
146,1915,7,0.0,41.62034274686296
147,1915,8,0.0,42.11024402444716
148,1915,9,0.0,42.395171326305416
149,1915,10,0.0,42.574793388155115
150,1915,11,0.0,42.815348419177504
151,1915,12,0.0,42.60998499218533
152,1915,13,27.5,42.55659007952333
153,1915,14,0.0,42.628164411765624
154,1915,15,0.0,42.880320492022804
155,1915,16,31.789473684210527,42.8958763313146
156,1915,17,21.0,43.19188876332703
157,1915,18,33.921052631578945,43.514177309871215
158,1915,19,0.0,43.82679648795341
159,1915,20,0.0,44.102867564988074
160,1916,1,0.0,44.504841531955584
161,1916,2,35.833333333333336,44.95552140763546
162,1916,3,0.0,45.36305160212768
163,1916,4,0.0,45.859513671093204
164,1916,5,0.0,46.4885972332338
165,1916,6,0.0,47.20511836347517
166,1916,7,0.0,47.51857990193671
167,1916,8,0.0,47.92667554935407
168,1916,9,0.0,48.629348833923906
169,1916,10,0.0,48.83159707202746
170,1916,11,0.0,49.067913268393916
171,1916,12,0.0,49.73791326839391
172,1916,13,27.875,50.29254013406556
173,1916,14,0.0,50.485047945997835
174,1916,15,0.0,51.34582949025395
175,1916,16,33.75,51.83595123900879
176,1916,17,22.5,52.119229927533375
177,1916,18,32.6875,52.968917427533384
178,1916,19,0.0,53.98352999977068
179,1916,20,0.0,54.7746162352599
180,1917,1,-51.0,55.47518107264618
181,1917,2,33.28,56.384500809318446
182,1917,3,0.0,57.046041379493886
183,1917,4,0.0,57.7003281705246
184,1917,5,0.0,57.91634070046748
185,1917,6,0.0,58.63728754262644
186,1917,7,0.0,59.63780387152794
187,1917,8,0.0,59.973634624881925
188,1917,9,0.0,60.22869209614629
189,1917,10,0.0,61.01603777515864
190,1917,11,0.0,61.361537213991404
191,1917,12,0.0,61.36842245989304
192,1917,13,28.176470588235293,61.83004288164666
193,1917,14,0.0,61.926709548313326
194,1917,15,0.0,62.59364503218429
195,1917,16,34.35,67.01100120258394
196,1917,17,25.5,67.2546375662203
197,1917,18,31.846153846153847,67.22067530206937
198,1917,19,0.0,67.88083790369538
199,1917,20,0.0,67.04644958963573
200,1918,1,0.0,63.463256098661915
201,1918,2,34.94736842105263,63.2272059419221
202,1918,3,0.0,62.46642835472943
203,1918,4,0.0,62.63959908643674
204,1918,5,0.0,63.39359037816388
205,1918,6,0.0,62.30730648661684
206,1918,7,0.0,62.85972027972027
207,1918,8,0.0,63.181909918038954
208,1918,9,0.0,62.7991512973493
209,1918,10,0.0,62.698482401028215
210,1918,11,0.0,64.56947807202388
211,1918,12,0.0,64.42477218967096
212,1918,13,31.22222222222222,65.9823273679392
213,1918,14,0.0,66.84690417044705
214,1918,15,0.0,67.68603460522965
215,1918,16,29.94736842105263,53.79079650999156
216,1918,17,24.0,40.9555023923445
217,1918,18,32.583333333333336,27.28181818181818
218,1918,19,0.0,
219,1918,20,0.0,
220,1919,1,0.0,
221,1919,2,33.82142857142857,
222,1919,3,0.0,0.0
223,1919,4,0.0,0.0
224,1919,5,0.0,0.0
225,1919,6,0.0,0.0
226,1919,7,0.0,0.0
227,1919,8,0.0,0.0
228,1919,9,0.0,0.0
229,1919,10,0.0,0.0
230,1919,11,0.0,0.0
231,1919,12,0.0,0.0
232,1919,13,31.105263157894736,0.0
233,1919,14,0.0,0.0
234,1919,15,0.0,0.0
235,1919,16,25.7,0.0
236,1919,17,25.0,0.0
237,1919,18,33.285714285714285,0.0
238,1919,19,0.0,-6.0
239,1919,20,0.0,-6.0
240,1920,1,22.0,-6.0
241,1920,2,31.875,-6.0
242,1920,3,0.0,-0.6
243,1920,4,46.0,5.4
244,1920,5,0.0,5.4
245,1920,6,0.0,5.4
246,1920,7,0.0,5.4
247,1920,8,0.0,-4.2
248,1920,9,0.0,-4.2
249,1920,10,0.0,-4.2
250,1920,11,0.0,-1.7333333333333332
251,1920,12,0.0,0.3333333333333336
252,1920,13,26.0,12.933333333333334
253,1920,14,0.0,17.6
254,1920,15,0.0,20.533333333333335
255,1920,16,31.916666666666668,18.06666666666667
256,1920,17,0.0,17.240000000000002
257,1920,18,33.0,12.64
258,1920,19,0.0,12.046060606060607
259,1920,20,0.0,12.237727272727273
260,1921,1,0.0,16.287727272727274
261,1921,2,33.8421052631579,18.709265734265735
262,1921,3,0.0,20.367599067599066
263,1921,4,32.666666666666664,19.749871794871794
264,1921,5,0.0,20.749871794871794
265,1921,6,0.0,20.561410256410255
266,1921,7,0.0,21.190780885780885
267,1921,8,0.0,20.06459040959041
268,1921,9,0.0,21.93816183816184
269,1921,10,0.0,23.152292272944447
270,1921,11,0.0,24.621788294164606
271,1921,12,0.0,24.702307774684087
272,1921,13,32.5,25.08595439122544
273,1921,14,0.0,25.15738296265401
274,1921,15,0.0,25.303585861204734
275,1921,16,33.733333333333334,25.47699582289056
276,1921,17,33.0,27.23960980465348
277,1921,18,30.875,28.521153664302602
278,1921,19,0.0,28.788653664302597
279,1921,20,0.0,29.33700454149558
280,1922,1,0.0,29.94385041963178
281,1922,2,35.05555555555556,29.90627845467559
282,1922,3,0.0,29.879979604100875
283,1922,4,27.333333333333332,30.25842555004682
284,1922,5,0.0,30.723408006187174
285,1922,6,0.0,31.14077265436676
286,1922,7,0.0,31.497079843909244
287,1922,8,0.0,32.18200391037342
288,1922,9,0.0,32.95894953069253
289,1922,10,0.0,33.114949530692535
290,1922,11,0.0,33.497859185782644
291,1922,12,0.0,34.332140231534275
292,1922,13,27.633333333333333,34.551921327281896
293,1922,14,0.0,34.97027976101683
294,1922,15,14.0,35.552492526974284
295,1922,16,34.75,35.94728628262683
296,1922,17,0.0,36.15559169750801
297,1922,18,37.54545454545455,37.0860536029252
298,1922,19,0.0,37.40943774926666
299,1922,20,0.0,37.68261748824018
300,1923,1,0.0,37.808077288555474
301,1923,2,33.98148148148148,37.94410839898208
302,1923,3,0.0,37.34720917417588
303,1923,4,34.0,37.11460117162527
304,1923,5,0.0,37.47330713319955
305,1923,6,0.0,37.82964684611821
306,1923,7,0.0,37.981972427513554
307,1923,8,0.0,38.600858021395254
308,1923,9,0.0,39.25168902046154
309,1923,10,0.0,39.23440903580448
310,1923,11,0.0,39.42880928060252
311,1923,12,0.0,39.57373156645037
312,1923,13,27.771428571428572,39.78921176925802
313,1923,14,0.0,39.896198376400875
314,1923,15,0.0,40.311136585550265
315,1923,16,39.4,40.710332831980296
316,1923,17,25.0,41.045801114157726
317,1923,18,38.5,41.52307893783293
318,1923,19,0.0,42.15470758047097
319,1923,20,0.0,42.81792591661781
320,1924,1,0.0,43.627618899073944
321,1924,2,32.142857142857146,44.77823608298665
322,1924,3,0.0,45.543004422755
323,1924,4,33.0,45.10445885938525
324,1924,5,0.0,36.174817165574176
325,1924,6,0.0,36.516703130486455
326,1924,7,0.0,27.10197444831591
327,1924,8,0.0,
328,1924,9,0.0,
329,1924,10,0.0,
330,1924,11,0.0,
331,1924,12,30.0,6.2
332,1924,13,35.166666666666664,7.0
333,1924,14,0.0,7.0
334,1924,15,0.0,0.8
335,1924,16,41.0,0.8
336,1924,17,26.0,0.8
337,1924,18,35.5,0.0
338,1924,19,0.0,0.0
339,1924,20,0.0,9.2
340,1925,1,0.0,15.73333333333333
341,1925,2,32.55223880597015,21.2
342,1925,3,0.0,28.0
343,1925,4,34.0,34.6
344,1925,5,0.0,32.2
345,1925,6,0.0,31.06666666666667
346,1925,7,0.0,31.53333333333333
347,1925,8,0.0,33.013333333333335
348,1925,9,0.0,33.57333333333334
349,1925,10,0.0,34.17333333333333
350,1925,11,0.0,36.19686274509804
351,1925,12,0.0,38.10898395721925
352,1925,13,35.4,37.65898395721925
353,1925,14,0.0,38.13898395721925
354,1925,15,0.0,38.224698242933535
355,1925,16,39.5625,38.21935064935065
356,1925,17,36.666666666666664,38.06520045172219
357,1925,18,33.7,37.63936711838886
358,1925,19,0.0,37.165324565197366
359,1925,20,0.0,36.842687202560015
360,1926,1,0.0,36.879050838923646
361,1926,2,32.73972602739726,36.71604837789001
362,1926,3,0.0,36.73688171122334
363,1926,4,27.0,37.214257597748166
364,1926,5,0.0,37.614514008004576
365,1926,6,0.0,37.3868916303822
366,1926,7,0.0,37.44211915535445
367,1926,8,0.0,37.43378582202112
368,1926,9,0.0,37.24659283956498
369,1926,10,0.0,37.737465113708275
370,1926,11,0.0,38.270542036785194
371,1926,12,0.0,38.9167001250205
372,1926,13,29.76923076923077,39.48892234724271
373,1926,14,0.0,40.13796718155071
374,1926,15,0.0,40.33688657407407
375,1926,16,41.36363636363637,40.76260085978836
376,1926,17,37.333333333333336,40.857484788359784
377,1926,18,41.888888888888886,41.225352656227656
378,1926,19,0.0,41.498975418062344
379,1926,20,0.0,41.759803906434435
380,1927,1,0.0,42.277887089074575
381,1927,2,34.236559139784944,42.68081566050315
382,1927,3,0.0,43.24257742226491
383,1927,4,29.666666666666668,43.6105902844936
384,1927,5,0.0,43.97967773179402
385,1927,6,0.0,44.25614342133433
386,1927,7,22.0,44.117454610145515
387,1927,8,0.0,44.30466857570343
388,1927,9,-33.0,44.63808032459441
389,1927,10,0.0,44.61688149418505
390,1927,11,0.0,44.708926028598015
391,1927,12,0.0,45.40417281080131
392,1927,13,32.53061224489796,45.82584773413229
393,1927,14,34.5,46.16592767599275
394,1927,15,0.0,46.87462820638851
395,1927,16,38.38461538461539,47.412221504179826
396,1927,17,33.4,47.91316353316533
397,1927,18,36.57142857142857,48.35994967414503
398,1927,19,0.0,48.93291448506939
399,1927,20,0.0,48.94877961640077
400,1928,1,0.0,48.82753842011619
401,1928,2,33.92307692307692,48.830773714233835
402,1928,3,-30.0,49.05232484669781
403,1928,4,41.4,49.21827083674431
404,1928,5,0.0,49.61225522661676
405,1928,6,0.0,50.00674150021806
406,1928,7,23.5,50.02386334895756
407,1928,8,0.0,49.678644983895964
408,1928,9,0.0,49.54952920980681
409,1928,10,0.0,49.34360513805045
410,1928,11,0.0,48.72361696537156
411,1928,12,34.0,48.84729208057893
412,1928,13,32.891304347826086,48.97878823669957
413,1928,14,0.0,50.8252357337413
414,1928,15,0.0,50.99743431530159
415,1928,16,42.76470588235294,51.302018356048606
416,1928,17,34.166666666666664,51.00334324084123
417,1928,18,41.0,50.59652738050137
418,1928,19,0.0,48.83257739859474
419,1928,20,0.0,48.676074666354296
420,1929,1,0.0,48.9987031012408
421,1929,2,36.25333333333333,48.82615845838366
422,1929,3,0.0,49.229076846813406
423,1929,4,35.8,49.0076718047966
424,1929,5,0.0,49.42406524741955
425,1929,6,0.0,49.86169487704918
426,1929,7,28.0,50.961025234192036
427,1929,8,0.0,51.26254625189115
428,1929,9,0.0,51.96777482331972
429,1929,10,0.0,52.17521744627054
430,1929,11,0.0,52.282268992662296
431,1929,12,0.0,52.29617876709839
432,1929,13,32.15384615384615,51.44053274939928
433,1929,14,0.0,48.4441041779707
434,1929,15,0.0,45.6301041779707
435,1929,16,40.0,35.195052631578946
436,1929,17,37.22222222222222,
437,1929,18,39.45454545454545,
438,1929,19,0.0,
439,1929,20,0.0,
440,1930,1,0.0,0.0
441,1930,2,36.80434782608695,0.0
442,1930,3,0.0,0.0
443,1930,4,37.0,0.0
444,1930,5,0.0,0.0
445,1930,6,0.0,0.0
446,1930,7,0.0,0.0
447,1930,8,0.0,0.0
448,1930,9,0.0,0.0
449,1930,10,0.0,0.0
450,1930,11,0.0,0.0
451,1930,12,39.5,0.0
452,1930,13,34.857142857142854,0.0
453,1930,14,23.0,0.0
454,1930,15,0.0,0.0
455,1930,16,39.81818181818182,0.0
456,1930,17,33.666666666666664,0.0
457,1930,18,44.833333333333336,0.0
458,1930,19,0.0,0.0
459,1930,20,0.0,0.0
460,1931,1,0.0,0.0
461,1931,2,35.89719626168224,0.0
462,1931,3,0.0,0.0
463,1931,4,37.11764705882353,-0.2
464,1931,5,0.0,2.933333333333333
465,1931,6,15.0,8.8
466,1931,7,37.0,8.8
467,1931,8,0.0,12.114285714285714
468,1931,9,0.0,13.714285714285714
469,1931,10,0.0,15.914285714285715
470,1931,11,0.0,13.814285714285713
471,1931,12,0.0,19.1
472,1931,13,36.76190476190476,21.535714285714285
473,1931,14,25.25,24.321428571428573
474,1931,15,0.0,25.028095238095236
475,1931,16,40.35294117647059,27.118571428571425
476,1931,17,41.333333333333336,26.93285714285714
477,1931,18,37.75,26.762857142857143
478,1931,19,0.0,27.910476190476185
479,1931,20,0.0,26.95619047619048
480,1932,1,-27.0,27.157871148459385
481,1932,2,38.06198347107438,27.44878023936847
482,1932,3,27.0,27.222626393214625
483,1932,4,39.22727272727273,27.98095972654796
484,1932,5,0.0,29.16857877416701
485,1932,6,0.0,28.853344988344986
486,1932,7,0.0,29.689102564102562
487,1932,8,0.0,30.95811355311355
488,1932,9,0.0,31.389976298211593
489,1932,10,0.0,31.085873734109033
490,1932,11,0.0,32.07228399051928
491,1932,12,0.0,32.55990303813833
492,1932,13,39.05263157894737,32.57514113337642
493,1932,14,24.0,32.28272283272283
494,1932,15,0.0,32.568037518037514
495,1932,16,41.06666666666667,32.15887085137085
496,1932,17,36.083333333333336,32.40134189384189
497,1932,18,46.8,33.10991332241333
498,1932,19,0.0,34.41726374976375
499,1932,20,0.0,35.371228933516164
500,1933,1,0.0,36.358087907875145
501,1933,2,37.84905660377358,36.467997817785054
502,1933,3,0.0,35.89569012547736
503,1933,4,39.15,35.97151430130153
504,1933,5,0.0,36.23118548118548
505,1933,6,0.0,35.79015984015984
506,1933,7,25.428571428571427,35.22694144935524
507,1933,8,0.0,34.90564369948606
508,1933,9,0.0,34.10704425971015
509,1933,10,0.0,33.148296403792486
510,1933,11,0.0,33.17162973712582
511,1933,12,32.333333333333336,33.78367441901023
512,1933,13,41.0625,34.27767201804984
513,1933,14,25.0,34.205195620083245
514,1933,15,0.0,34.58026870007262
515,1933,16,44.125,34.430268700072624
516,1933,17,36.27272727272727,34.268829796380196
517,1933,18,40.75,34.56177097285079
518,1933,19,0.0,34.92881750656399
519,1933,20,0.0,35.552310464310466
520,1934,1,17.0,36.01443812388493
521,1934,2,38.4222972972973,36.318076377523184
522,1934,3,0.0,35.85518075462757
523,1934,4,38.2,36.48633848578529
524,1934,5,0.0,36.03116867446454
525,1934,6,1.0,36.24278147290534
526,1934,7,29.875,36.31380203650016
527,1934,8,0.0,36.82635283180958
528,1934,9,0.0,36.789070921800395
529,1934,10,0.0,37.089899269706514
530,1934,11,0.0,37.426158811691245
531,1934,12,28.833333333333332,37.38578949868632
532,1934,13,38.76923076923077,37.6559333212474
533,1934,14,23.0,37.67257403670235
534,1934,15,0.0,38.20064626934776
535,1934,16,46.44444444444444,38.36286346391789
536,1934,17,38.0,39.108730431951464
537,1934,18,47.0,39.784967473012635
538,1934,19,0.0,40.39786799554049
539,1934,20,0.0,40.91058167075416
540,1935,1,18.0,41.38445143270576
541,1935,2,38.96096096096096,40.57632786291172
542,1935,3,0.0,32.340291826875685
543,1935,4,37.42857142857143,24.00661835748792
544,1935,5,-1.0,15.612173913043478
545,1935,6,-15.0,
546,1935,7,36.285714285714285,
547,1935,8,0.0,
548,1935,9,5.0,
549,1935,10,0.0,0.0
550,1935,11,0.0,0.0
551,1935,12,30.857142857142858,0.0
552,1935,13,44.73913043478261,0.0
553,1935,14,21.666666666666668,0.0
554,1935,15,0.0,0.0
555,1935,16,39.82608695652174,0.0
556,1935,17,41.2962962962963,0.0
557,1935,18,46.5,0.0
558,1935,19,0.0,0.0
559,1935,20,0.0,0.0
560,1936,1,29.0,0.0
561,1936,2,38.505494505494504,0.0
562,1936,3,0.0,0.0
563,1936,4,37.09090909090909,0.0
564,1936,5,15.666666666666666,0.0
565,1936,6,0.0,0.0
566,1936,7,33.166666666666664,0.0
567,1936,8,0.0,0.0
568,1936,9,0.0,3.0
569,1936,10,0.0,3.0
570,1936,11,0.0,3.0
571,1936,12,33.2,3.2
572,1936,13,43.51851851851852,0.2
573,1936,14,25.8,-2.8
574,1936,15,0.0,-2.8
575,1936,16,43.355555555555554,-2.8
576,1936,17,40.958333333333336,-3.0
577,1936,18,50.5,0.0
578,1936,19,0.0,0.0
579,1936,20,0.0,0.0
580,1937,1,26.0,0.0
581,1937,2,38.69253731343284,0.0
582,1937,3,-21.0,0.0
583,1937,4,38.45652173913044,0.0
584,1937,5,29.333333333333332,0.0
585,1937,6,0.0,0.0
586,1937,7,36.7,0.0
587,1937,8,0.0,2.0
588,1937,9,0.0,2.0
589,1937,10,0.0,2.0
590,1937,11,-32.0,2.0
591,1937,12,41.166666666666664,2.0
592,1937,13,35.57142857142857,0.0
593,1937,14,0.0,0.0
594,1937,15,29.0,0.0
595,1937,16,42.758620689655174,0.0
596,1937,17,39.45454545454545,0.0
597,1937,18,0.0,3.2
598,1937,19,0.0,3.2
599,1937,20,0.0,6.85
600,1938,1,17.333333333333332,14.85
601,1938,2,38.85964912280702,20.45
602,1938,3,0.0,23.93
603,1938,4,37.020833333333336,30.130000000000003
604,1938,5,0.0,32.64923076923077
605,1938,6,0.0,28.60923076923077
606,1938,7,35.63636363636363,29.089230769230767
607,1938,8,0.0,28.137802197802195
608,1938,9,0.0,27.5138021978022
609,1938,10,0.0,26.77257142857143
610,1938,11,0.0,27.943006211180126
611,1938,12,33.0,27.55189510006901
612,1938,13,33.75,27.832414580588495
613,1938,14,0.0,27.619377543551458
614,1938,15,2.0,27.743551456594936
615,1938,16,46.44,28.372300347455628
616,1938,17,40.958333333333336,28.42680768498183
617,1938,18,45.0,27.90660566477981
618,1938,19,0.0,28.258896939104982
619,1938,20,0.0,29.019223026061507
620,1939,1,12.666666666666666,29.765302510486855
621,1939,2,40.07915567282322,30.261906284071763
622,1939,3,0.0,31.0143967055277
623,1939,4,35.829787234042556,31.684142468239564
624,1939,5,16.571428571428573,31.992695099818512
625,1939,6,0.0,32.35028908478092
626,1939,7,31.5,32.99028908478092
627,1939,8,0.0,33.52224310776943
628,1939,9,0.0,33.95829573934837
629,1939,10,0.0,34.77986605858909
630,1939,11,0.0,34.84944134816438
631,1939,12,39.75,34.37629066323288
632,1939,13,36.94736842105263,34.547957329899546
633,1939,14,34.0,34.54069780176887
634,1939,15,0.0,34.3073771765306
635,1939,16,40.78260869565217,34.36065902981245
636,1939,17,40.857142857142854,34.84269860363285
637,1939,18,46.0,35.13406223999648
638,1939,19,0.0,35.74713480818999
639,1939,20,0.0,35.72155341284116
640,1940,1,31.0,35.97701559771511
641,1940,2,40.15561224489796,36.649102318582315
642,1940,3,12.333333333333334,36.87096653031995
643,1940,4,35.815384615384616,37.20313700325647
644,1940,5,7.0,38.08074940635724
645,1940,6,0.0,39.14982934602542
646,1940,7,23.583333333333332,40.442512272854685
647,1940,8,44.0,41.929182383937096
648,1940,9,0.0,43.30614623935878
649,1940,10,0.0,44.400368461581
650,1940,11,0.0,45.590112051324596
651,1940,12,31.0,36.73645351473923
652,1940,13,31.52173913043478,27.791555555555554
653,1940,14,0.0,18.655555555555555
654,1940,15,0.0,
655,1940,16,44.86666666666667,
656,1940,17,37.392857142857146,
657,1940,18,47.0,
658,1940,19,0.0,-11.066666666666666
659,1940,20,0.0,-11.066666666666666
660,1941,1,31.0,-11.066666666666666
661,1941,2,40.75476190476191,-11.066666666666666
662,1941,3,10.333333333333334,-11.066666666666666
663,1941,4,37.27272727272727,0.0
664,1941,5,26.666666666666668,0.0
665,1941,6,0.0,0.0
666,1941,7,32.166666666666664,0.0
667,1941,8,45.0,0.0
668,1941,9,0.0,0.0
669,1941,10,0.0,0.0
670,1941,11,0.0,0.0
671,1941,12,30.0,0.0
672,1941,13,34.125,0.0
673,1941,14,30.0,4.4
674,1941,15,33.0,9.1
675,1941,16,43.888888888888886,14.7
676,1941,17,39.241379310344826,14.7
677,1941,18,58.0,22.1
678,1941,19,0.0,17.7
679,1941,20,0.0,18.085714285714285
680,1942,1,13.357142857142858,18.460714285714285
681,1942,2,40.9263959390863,25.717857142857145
682,1942,3,42.0,24.951190476190476
683,1942,4,37.64150943396226,32.29119047619047
684,1942,5,18.833333333333332,34.332748917748916
685,1942,6,0.0,34.65774891774892
686,1942,7,36.4,32.11727272727273
687,1942,8,0.0,31.917272727272724
688,1942,9,0.0,31.857272727272726
689,1942,10,0.0,31.236666666666668
690,1942,11,0.0,31.836666666666666
691,1942,12,34.2,34.82526315789473
692,1942,13,33.68181818181818,36.084237516869095
693,1942,14,34.25,36.72645973909132
694,1942,15,34.0,38.044793072424646
695,1942,16,41.74074074074074,38.86479307242465
696,1942,17,40.6551724137931,38.81667277167277
697,1942,18,54.0,39.852936507936505
698,1942,19,0.0,39.48365546218487
699,1942,20,0.0,39.51320091673033
700,1943,1,20.0,39.12653425006366
701,1943,2,40.902964959568735,40.29605805958747
702,1943,3,23.333333333333332,39.94081996434938
703,1943,4,37.125,40.35930735930735
704,1943,5,26.428571428571427,40.25860805860806
705,1943,6,0.0,41.107092907092905
706,1943,7,32.53333333333333,42.26042624042624
707,1943,8,27.333333333333332,41.57042624042624
708,1943,9,1.0,41.538997668997666
709,1943,10,0.0,42.56848484848485
710,1943,11,0.0,43.53666666666667
711,1943,12,39.5,42.49512820512821
712,1943,13,36.9,43.841794871794875
713,1943,14,32.36363636363637,43.9303663003663
714,1943,15,-13.0,44.23453296703296
715,1943,16,46.52,42.80453296703297
716,1943,17,46.629629629629626,44.0127380952381
717,1943,18,57.5,43.07747493734336
718,1943,19,0.0,42.42668128654971
719,1943,20,0.0,41.41286549707602
720,1944,1,35.333333333333336,42.74086549707602
721,1944,2,42.04154302670623,40.160865497076024
722,1944,3,14.666666666666666,40.47862865497076
723,1944,4,38.21666666666667,43.12942230576441
724,1944,5,28.75,44.55097619047619
725,1944,6,0.0,44.72233102918587
726,1944,7,34.5,46.29479479730181
727,1944,8,0.0,46.41562813063514
728,1944,9,-16.0,45.46447605690243
729,1944,10,0.0,45.00423796166433
730,1944,11,0.0,43.82605959354289
731,1944,12,37.0,42.19281151170146
732,1944,13,35.916666666666664,41.977510965253366
733,1944,14,34.666666666666664,42.04190979223284
734,1944,15,0.0,41.065091610414655
735,1944,16,45.0,42.05391513982643
736,1944,17,42.81818181818182,43.00086297556449
737,1944,18,51.0,43.776336682185736
738,1944,19,0.0,42.42911309496215
739,1944,20,24.666666666666668,43.2768136297215
740,1945,1,32.4,43.92427841845391
741,1945,2,43.47604790419162,43.506583364909794
742,1945,3,0.0,42.88252131584775
743,1945,4,37.81666666666667,43.39542672125315
744,1945,5,20.928571428571427,43.36383008259769
745,1945,6,0.0,42.40729552642343
746,1945,7,38.526315789473685,43.022160391288296
747,1945,8,0.0,42.96921079220468
748,1945,9,15.5,43.489061219555104
749,1945,10,0.0,43.25041906962583
750,1945,11,0.0,43.408696757859765
751,1945,12,46.75,43.86166705488947
752,1945,13,44.61538461538461,44.273490793599436
753,1945,14,37.0,44.70328322339187
754,1945,15,0.0,45.22360296178773
755,1945,16,46.888888888888886,46.0072521838528
756,1945,17,49.733333333333334,46.30428188682309
757,1945,18,58.0,47.6236556104446
758,1945,19,0.0,48.70528826350582
759,1945,20,0.0,50.58265829408687
760,1946,1,19.5,40.91980115122972
761,1946,2,43.204268292682926,46.31980115122972
762,1946,3,6.2,36.17210884353741
763,1946,4,36.13461538461539,
764,1946,5,30.2,
765,1946,6,0.0,
766,1946,7,38.46153846153846,
767,1946,8,0.0,0.0
768,1946,9,0.0,0.0
769,1946,10,0.0,0.0
770,1946,11,0.0,0.0
771,1946,12,29.666666666666668,0.0
772,1946,13,36.714285714285715,0.0
773,1946,14,37.785714285714285,0.0
774,1946,15,0.0,0.0
775,1946,16,44.4,0.0
776,1946,17,45.1764705882353,0.0
777,1946,18,0.0,0.0
778,1946,19,0.0,0.0
779,1946,20,26.0,0.0
780,1947,1,29.25,0.0
781,1947,2,42.35103244837758,0.0
782,1947,3,19.0,0.0
783,1947,4,37.917647058823526,0.0
784,1947,5,29.285714285714285,0.0
785,1947,6,0.0,0.0
786,1947,7,39.611111111111114,0.0
787,1947,8,27.0,0.0
788,1947,9,0.0,0.0
789,1947,10,0.0,0.0
790,1947,11,0.0,0.0
791,1947,12,38.8,0.0
792,1947,13,35.75,0.0
793,1947,14,34.81818181818182,0.0
794,1947,15,0.0,0.0
795,1947,16,48.0,8.8
796,1947,17,45.39393939393939,17.8
797,1947,18,0.0,17.8
798,1947,19,0.0,23.266666666666666
799,1947,20,26.75,23.266666666666666
800,1948,1,33.285714285714285,14.466666666666665
801,1948,2,41.80107526881721,5.466666666666667
802,1948,3,20.363636363636363,10.866666666666665
803,1948,4,37.083333333333336,11.0
804,1948,5,25.5,15.5
805,1948,6,0.0,19.966666666666665
806,1948,7,39.125,24.716666666666665
807,1948,8,28.0,25.316666666666666
808,1948,9,31.0,25.266666666666666
809,1948,10,0.0,26.03333333333333
810,1948,11,0.0,26.806666666666665
811,1948,12,30.75,27.656666666666666
812,1948,13,36.9,27.256666666666668
813,1948,14,33.0,27.406666666666666
814,1948,15,0.0,27.889999999999997
815,1948,16,52.0,29.089999999999996
816,1948,17,46.45454545454545,30.089999999999996
817,1948,18,0.0,31.615
818,1948,19,0.0,33.015
819,1948,20,29.166666666666668,34.665
820,1949,1,27.5,35.875
821,1949,2,43.24431818181818,36.64642857142857
822,1949,3,15.625,36.72142857142857
823,1949,4,37.280701754385966,37.44365079365079
824,1949,5,27.9,37.58809523809524
825,1949,6,0.0,37.095238095238095
826,1949,7,38.6,37.18780952380953
827,1949,8,22.5,37.657809523809526
828,1949,9,0.0,37.38558730158731
829,1949,10,0.0,37.248039408867
830,1949,11,0.0,37.92839655172414
831,1949,12,31.76923076923077,38.579781167108756
832,1949,13,34.666666666666664,38.67820221974033
833,1949,14,35.714285714285715,38.46894296048107
834,1949,15,0.0,39.470379742090266
835,1949,16,56.4,39.932879742090265
836,1949,17,43.791666666666664,39.67349512670565
837,1949,18,0.0,39.96062962962963
838,1949,19,0.0,40.25065811965812
839,1949,20,33.666666666666664,39.4144178095806
840,1950,1,33.30769230769231,37.94073359905428
841,1950,2,42.449230769230766,36.56397888207315
842,1950,3,20.25,35.551901587387164
843,1950,4,40.271028037383175,34.822771700880224
844,1950,5,26.666666666666668,34.36452483147057
845,1950,6,10.0,34.961397447793985
846,1950,7,38.285714285714285,35.52630800893096
847,1950,8,22.333333333333332,35.046210029751535
848,1950,9,8.0,34.895108319897844
849,1950,10,0.0,34.53208183818283
850,1950,11,0.0,34.046036289528594
851,1950,12,31.681818181818183,34.15616615965847
852,1950,13,39.142857142857146,34.8173472814771
853,1950,14,38.3125,35.062194262453104
854,1950,15,24.0,35.66958354554584
855,1950,16,48.77777777777778,36.22546394421694
856,1950,17,48.07692307692308,36.54168182705352
857,1950,18,0.0,37.449494524264175
858,1950,19,0.0,38.42432267483701
859,1950,20,30.4,38.97046154570008
860,1951,1,31.166666666666668,39.701724004171844
861,1951,2,42.93729372937294,40.80568849215592
862,1951,3,18.307692307692307,41.47692884926782
863,1951,4,38.8,42.24333580162024
864,1951,5,25.428571428571427,43.246130832676144
865,1951,6,0.0,44.293273689819
866,1951,7,43.642857142857146,44.82889734783188
867,1951,8,23.75,45.41169065699084
868,1951,9,31.0,45.81446487807492
869,1951,10,0.0,36.907322020932064
870,1951,11,0.0,27.6358934495035
871,1951,12,37.41935483870968,18.525801706384232
872,1951,13,31.8,
873,1951,14,37.583333333333336,
874,1951,15,0.0,
875,1951,16,44.0,
876,1951,17,45.64705882352941,0.0
877,1951,18,0.0,0.0
878,1951,19,0.0,0.0
879,1951,20,31.0,0.0
880,1952,1,32.90909090909091,0.0
881,1952,2,42.70890410958904,0.0
882,1952,3,27.291666666666668,0.0
883,1952,4,41.1484375,0.0
884,1952,5,30.294117647058822,0.0
885,1952,6,0.0,0.0
886,1952,7,37.76470588235294,0.0
887,1952,8,30.0,0.0
888,1952,9,0.0,0.0
889,1952,10,36.0,0.0
890,1952,11,0.0,0.0
891,1952,12,36.642857142857146,-6.6
892,1952,13,46.6,-6.6
893,1952,14,38.48275862068966,-6.6
894,1952,15,0.0,-6.6
895,1952,16,52.42857142857143,-6.6
896,1952,17,46.89473684210526,0.0
897,1952,18,0.0,0.0
898,1952,19,0.0,0.0
899,1952,20,36.0,1.0
900,1953,1,32.69230769230769,1.0
901,1953,2,43.06185567010309,1.0
902,1953,3,17.275,1.0
903,1953,4,39.94444444444444,1.0
904,1953,5,26.954545454545453,0.0
905,1953,6,0.0,0.0
906,1953,7,39.27272727272727,0.0
907,1953,8,27.75,0.2
908,1953,9,0.0,-3.0
909,1953,10,0.0,0.1
910,1953,11,0.0,0.1
911,1953,12,37.17857142857143,0.1
912,1953,13,32.0,6.1
913,1953,14,36.82142857142857,9.3
914,1953,15,0.0,7.8
915,1953,16,47.6,14.0
916,1953,17,47.86206896551724,14.0
917,1953,18,0.0,7.8
918,1953,19,22.0,15.2
919,1953,20,33.5,18.666666666666664
920,1954,1,33.69230769230769,12.466666666666665
921,1954,2,43.32209737827716,19.766666666666666
922,1954,3,20.625,25.216666666666665
923,1954,4,40.525925925925925,23.716666666666665
924,1954,5,26.76923076923077,26.55
925,1954,6,0.0,31.75
926,1954,7,36.666666666666664,30.325
927,1954,8,26.333333333333332,31.208333333333332
928,1954,9,37.0,31.508333333333333
929,1954,10,37.0,29.82651515151515
930,1954,11,0.0,30.73420745920746
931,1954,12,37.80769230769231,30.52587412587413
932,1954,13,39.25,31.135397935397936
933,1954,14,36.60606060606061,31.844488844488843
934,1954,15,0.0,32.59964035964036
935,1954,16,48.0,33.86528138528139
936,1954,17,49.52173913043478,35.727186147186146
937,1954,18,0.0,36.550995670995675
938,1954,19,0.0,37.514632034632044
939,1954,20,34.857142857142854,38.39584415584416
940,1955,1,33.85,39.13362193362194
941,1955,2,43.92929292929293,39.68005050505051
942,1955,3,19.307692307692307,38.824494949494955
943,1955,4,41.265625,38.42676767676768
944,1955,5,30.458333333333332,38.31959064327486
945,1955,6,0.0,36.87163742690059
946,1955,7,44.13333333333333,36.66330409356725
947,1955,8,26.2,37.200192982456144
948,1955,9,25.333333333333332,37.46365452091768
949,1955,10,34.5,37.038237319377245
950,1955,11,0.0,37.775079424640396
951,1955,12,35.1764705882353,37.058412757973734
952,1955,13,34.5,37.33898418654516
953,1955,14,33.73809523809524,37.29241453997552
954,1955,15,29.0,37.63712998712999
955,1955,16,61.666666666666664,38.00601887601888
956,1955,17,50.38095238095238,38.72132499846786
957,1955,18,0.0,39.128602626500204
958,1955,19,-3.0,39.011468016161714
959,1955,20,37.833333333333336,39.65838159640862
960,1956,1,30.0,39.749492707519735
961,1956,2,44.54873646209386,40.038403452540635
962,1956,3,21.454545454545453,40.321304395936856
963,1956,4,40.92857142857143,40.83196378105013
964,1956,5,31.366666666666667,40.865509970918154
965,1956,6,0.0,41.0104686486041
966,1956,7,41.86666666666667,40.88367113597293
967,1956,8,28.0,41.038921135972934
968,1956,9,0.0,41.459386822247446
969,1956,10,0.0,41.49940324260869
970,1956,11,0.0,42.519669790147965
971,1956,12,38.03030303030303,43.05134134440017
972,1956,13,40.166666666666664,43.65412705868588
973,1956,14,35.11290322580645,43.8232447057447
974,1956,15,36.0,44.581701848601845
975,1956,16,44.0,45.07585646833787
976,1956,17,45.6551724137931,46.186895429376825
977,1956,18,0.0,46.795294900276296
978,1956,19,0.0,48.05362823360963
979,1956,20,29.0,38.90802823360963
980,1957,1,29.72222222222222,29.388648388648384
981,1957,2,44.272,
982,1957,3,21.660714285714285,
983,1957,4,41.62285714285714,
984,1957,5,28.71794871794872,
985,1957,6,0.0,0.0
986,1957,7,39.857142857142854,0.0
987,1957,8,28.0,0.0
988,1957,9,36.5,0.0
989,1957,10,0.0,0.0
990,1957,11,0.0,0.0
991,1957,12,36.44,0.0
992,1957,13,47.2,0.0
993,1957,14,37.293103448275865,0.0
994,1957,15,0.0,0.0
995,1957,16,52.75,0.0
996,1957,17,47.35294117647059,0.0
997,1957,18,0.0,0.0
998,1957,19,0.0,0.0
999,1957,20,35.7,0.0
1000,1958,1,32.0,0.0
1001,1958,2,44.44221105527638,0.0
1002,1958,3,26.642857142857142,0.0
1003,1958,4,41.78378378378378,0.0
1004,1958,5,31.133333333333333,0.0
1005,1958,6,0.0,0.0
1006,1958,7,38.76923076923077,0.0
1007,1958,8,28.5,0.0
1008,1958,9,27.25,0.0
1009,1958,10,37.0,0.0
1010,1958,11,0.0,0.0
1011,1958,12,38.57142857142857,0.0
1012,1958,13,0.0,0.0
1013,1958,14,37.12,0.0
1014,1958,15,41.0,0.0
1015,1958,16,54.666666666666664,0.0
1016,1958,17,49.06666666666667,0.0
1017,1958,18,0.0,0.0
1018,1958,19,0.0,0.0
1019,1958,20,32.214285714285715,0.0
1020,1959,1,32.095238095238095,0.0
1021,1959,2,45.33196721311475,0.0
1022,1959,3,26.695652173913043,0.0
1023,1959,4,41.89403973509934,0.0
1024,1959,5,33.114285714285714,0.0
1025,1959,6,0.0,7.2
1026,1959,7,40.90909090909091,7.2
1027,1959,8,28.75,14.6
1028,1959,9,29.5,21.5
1029,1959,10,0.0,21.5
1030,1959,11,0.0,14.3
1031,1959,12,36.2,21.7
1032,1959,13,72.0,14.3
1033,1959,14,40.57142857142857,10.0
1034,1959,15,40.0,17.56
1035,1959,16,54.75,21.16
1036,1959,17,48.21052631578947,16.56
1037,1959,18,76.0,23.080000000000002
1038,1959,19,28.0,26.603076923076923
1039,1959,20,38.266666666666666,26.603076923076923
1040,1960,1,36.5625,29.536410256410257
1041,1960,2,46.18269230769231,33.65948717948718
1042,1960,3,26.655172413793103,34.53948717948718
1043,1960,4,42.56976744186046,34.966410256410256
1044,1960,5,32.61764705882353,33.98288084464555
1045,1960,6,16.0,34.53526179702651
1046,1960,7,49.9,35.64295410471881
1047,1960,8,32.2,35.11795410471881
1048,1960,9,39.5,35.967954104718814
1049,1960,10,13.0,36.99148351648351
1050,1960,11,0.0,39.205769230769235
1051,1960,12,35.351351351351354,37.82954545454545
1052,1960,13,0.0,38.01770334928229
1053,1960,14,38.857142857142854,36.730746827543165
1054,1960,15,44.0,35.87360397040031
1055,1960,16,65.0,33.13931825611459
1056,1960,17,56.0,32.80477280156914
1057,1960,18,0.0,32.4616149068323
1058,1960,19,0.0,33.04357142857143
1059,1960,20,36.0,32.94357142857143
1060,1961,1,34.166666666666664,33.529857142857146
1061,1961,2,46.58638743455497,34.12414285714285
1062,1961,3,21.857142857142858,34.21541046277666
1063,1961,4,43.51898734177215,34.7042814305186
1064,1961,5,29.846153846153847,35.11742428766145
1065,1961,6,0.0,34.98394280617997
1066,1961,7,38.416666666666664,35.489657091894266
1067,1961,8,33.0,35.08958948626046
1068,1961,9,26.0,35.627287145969504
1069,1961,10,37.8,35.827697402379755
1070,1961,11,0.0,36.389571040723986
1071,1961,12,37.32432432432432,36.44864080816585
1072,1961,13,0.0,37.81892228964732
1073,1961,14,38.45,38.10718972777011
1074,1961,15,41.0,38.86277947135986
1075,1961,16,0.0,38.84379082326904
1076,1961,17,50.0,39.291705182811306
1077,1961,18,0.0,39.38755703466315
1078,1961,19,29.0,39.38019010489186
1079,1961,20,38.5,39.51633825304001
1080,1962,1,33.0,40.00144637217505
1081,1962,2,46.75431034482759,40.29204466277334
1082,1962,3,23.57894736842105,40.79917734885749
1083,1962,4,43.6375,41.51854729351479
1084,1962,5,33.65,42.26064304780566
1085,1962,6,18.25,43.054131419898695
1086,1962,7,39.7,43.43654900231627
1087,1962,8,35.625,35.052082982898796
1088,1962,9,29.375,26.33024390243903
1089,1962,10,18.0,17.44
1090,1962,11,0.0,
1091,1962,12,34.16216216216216,
1092,1962,13,46.0,
1093,1962,14,39.37777777777778,
1094,1962,15,41.5,0.0
1095,1962,16,0.0,0.0
1096,1962,17,48.9,0.0
1097,1962,18,0.0,0.0
1098,1962,19,0.0,0.0
1099,1962,20,36.0,0.0
1100,1963,1,31.88888888888889,0.0
1101,1963,2,47.58762886597938,0.0
1102,1963,3,27.0,0.0
1103,1963,4,44.592592592592595,0.0
1104,1963,5,33.57142857142857,0.0
1105,1963,6,40.0,0.0
1106,1963,7,43.916666666666664,0.0
1107,1963,8,35.5,0.0
1108,1963,9,31.666666666666668,0.0
1109,1963,10,14.0,0.0
1110,1963,11,0.0,0.0
1111,1963,12,38.48780487804878,0.0
1112,1963,13,0.0,0.0
1113,1963,14,40.256410256410255,0.0
1114,1963,15,45.5,0.0
1115,1963,16,71.0,0.0
1116,1963,17,58.27272727272727,0.0
1117,1963,18,0.0,0.0
1118,1963,19,22.0,0.0
1119,1963,20,39.833333333333336,-6.4
1120,1964,1,33.51428571428571,-6.4
1121,1964,2,48.914572864321606,-6.4
1122,1964,3,27.426666666666666,-6.4
1123,1964,4,43.73410404624278,-6.4
1124,1964,5,33.19047619047619,0.0
1125,1964,6,28.0,0.0
1126,1964,7,45.75,0.0
1127,1964,8,37.0,0.0
1128,1964,9,31.0,0.0
1129,1964,10,32.6,0.0
1130,1964,11,0.0,0.0
1131,1964,12,38.303030303030305,0.0
1132,1964,13,34.0,0.0
1133,1964,14,41.911764705882355,0.0
1134,1964,15,39.833333333333336,0.0
1135,1964,16,63.0,0.0
1136,1964,17,65.0,0.0
1137,1964,18,0.0,0.0
1138,1964,19,11.5,0.0
1139,1964,20,39.0,0.0
1140,1965,1,35.696969696969695,0.0
1141,1965,2,47.75,0.0
1142,1965,3,27.522222222222222,0.0
1143,1965,4,44.41520467836257,0.0
1144,1965,5,31.155555555555555,0.0
1145,1965,6,33.4,0.0
1146,1965,7,44.69230769230769,0.0
1147,1965,8,38.25,0.0
1148,1965,9,31.09090909090909,0.0
1149,1965,10,30.615384615384617,0.4
1150,1965,11,0.0,0.4
1151,1965,12,37.743589743589745,6.8
1152,1965,13,27.0,6.8
1153,1965,14,43.05882352941177,13.9
1154,1965,15,44.4,13.5
1155,1965,16,60.5,20.1
1156,1965,17,58.375,19.3
1157,1965,18,0.0,26.23333333333333
1158,1965,19,12.5,24.73333333333333
1159,1965,20,32.0,24.73333333333333
1160,1966,1,33.31707317073171,25.133333333333333
1161,1966,2,48.62686567164179,26.704761904761902
1162,1966,3,30.670212765957448,27.771428571428572
1163,1966,4,44.901315789473685,27.92142857142857
1164,1966,5,31.272727272727273,27.92142857142857
1165,1966,6,31.0,29.121428571428574
1166,1966,7,45.15,28.71666666666667
1167,1966,8,36.857142857142854,28.281884057971013
1168,1966,9,30.53846153846154,30.279252479023647
1169,1966,10,37.8,37.80517840494957
1170,1966,11,0.0,36.88104047391509
1171,1966,12,39.86842105263158,38.257230950105566
1172,1966,13,28.0,38.47296593975359
1173,1966,14,42.125,38.41226418536763
1174,1966,15,37.375,38.23179280489625
1175,1966,16,64.4,38.59314003825632
1176,1966,17,0.0,37.30817763224128
1177,1966,18,0.0,37.2122252512889
1178,1966,19,22.25,38.654130013193665
1179,1966,20,39.333333333333336,38.50867546773911
1180,1967,1,33.679245283018865,37.37469197186515
1181,1967,2,50.26767676767677,37.162951081176885
1182,1967,3,29.986666666666668,36.65346128525852
1183,1967,4,42.94405594405595,34.55703271382995
1184,1967,5,31.604166666666668,34.69988985668709
1185,1967,6,30.846153846153847,35.533806907378334
1186,1967,7,40.142857142857146,36.71622448979592
1187,1967,8,36.0,37.68274327122153
1188,1967,9,28.333333333333332,38.88589453172574
1189,1967,10,32.666666666666664,39.481219207050415
1190,1967,11,2.0,40.788520794351996
1191,1967,12,38.38235294117647,41.34606047689168
1192,1967,13,29.0,41.4628550207962
1193,1967,14,39.06666666666667,42.59006090314914
1194,1967,15,33.76923076923077,44.00902194211018
1195,1967,16,80.0,44.364577497665735
1196,1967,17,59.5,35.97846638655462
1197,1967,18,0.0,27.719642857142855
1198,1967,19,24.0,18.357142857142854
1199,1967,20,39.0,
1200,1968,1,35.42307692307692,
1201,1968,2,48.59887005649718,
1202,1968,3,28.3375,
1203,1968,4,45.52866242038217,0.0
1204,1968,5,34.78378378378378,0.0
1205,1968,6,19.8,0.0
1206,1968,7,45.4375,0.0
1207,1968,8,39.111111111111114,0.0
1208,1968,9,34.714285714285715,0.0
1209,1968,10,34.61538461538461,0.0
1210,1968,11,0.0,0.0
1211,1968,12,40.8,0.0
1212,1968,13,24.0,0.0
1213,1968,14,45.125,0.0
1214,1968,15,35.30769230769231,0.0
1215,1968,16,54.0,6.0
1216,1968,17,55.0,6.0
1217,1968,18,0.0,6.0
1218,1968,19,24.0,6.0
1219,1968,20,40.1764705882353,12.8
1220,1969,1,35.27272727272727,6.8
1221,1969,2,50.09615384615385,14.7
1222,1969,3,30.16842105263158,14.7
1223,1969,4,45.401162790697676,14.7
1224,1969,5,36.733333333333334,14.366666666666669
1225,1969,6,30.4,20.133333333333333
1226,1969,7,38.6,18.404761904761905
1227,1969,8,37.72222222222222,25.044761904761906
1228,1969,9,34.54545454545455,33.27809523809524
1229,1969,10,37.0,33.41142857142857
1230,1969,11,32.0,35.59476190476191
1231,1969,12,41.28260869565217,35.623333333333335
1232,1969,13,34.0,34.983333333333334
1233,1969,14,43.89655172413793,33.589999999999996
1234,1969,15,42.0,34.89
1235,1969,16,0.0,34.339999999999996
1236,1969,17,55.0,37.489999999999995
1237,1969,18,0.0,37.42333333333333
1238,1969,19,26.5,38.34333333333334
1239,1969,20,44.5,36.59333333333334
1240,1970,1,34.40963855421687,35.54717948717949
1241,1970,2,51.1,32.53354312354312
1242,1970,3,30.556451612903224,34.084080757951725
1243,1970,4,44.30921052631579,33.652652186523156
1244,1970,5,37.69230769230769,34.93836647223744
1245,1970,6,28.642857142857142,36.14605877992975
1246,1970,7,50.733333333333334,36.84498926121317
1247,1970,8,35.785714285714285,36.967178899531845
1248,1970,9,34.86666666666667,36.92660747096041
1249,1970,10,32.75,37.20517889953184
1250,1970,11,0.0,36.88364043799338
1251,1970,12,40.1,36.918616590616594
1252,1970,13,28.5,36.77742084942085
1253,1970,14,47.416666666666664,36.32185328185328
1254,1970,15,35.705882352941174,36.305128543177325
1255,1970,16,0.0,36.72573460378338
1256,1970,17,62.5,37.20418228223106
1257,1970,18,0.0,37.71300162789252
1258,1970,19,26.09090909090909,38.55703978369537
1259,1970,20,40.375,39.01947880808562
1260,1971,1,33.37662337662338,39.61539448660999
1261,1971,2,51.4,40.086676537892046
1262,1971,3,30.48235294117647,40.172083236456636
1263,1971,4,45.36153846153846,41.07061264822134
1264,1971,5,36.04255319148936,41.45346979107849
1265,1971,6,27.88,41.73861471861472
1266,1971,7,40.473684210526315,42.71861471861472
1267,1971,8,37.32,43.196365914786966
1268,1971,9,36.86666666666667,43.69136591478697
1269,1971,10,32.88235294117647,44.12497936016512
1270,1971,11,35.5,43.95173374613003
1271,1971,12,40.29545454545455,44.20390765917351
1272,1971,13,38.5,44.77956555391036
1273,1971,14,45.375,44.35198979633459
1274,1971,15,35.625,44.9755192080993
1275,1971,16,0.0,45.24158091408841
1276,1971,17,57.0,45.45837251828631
1277,1971,18,0.0,46.361257133670925
1278,1971,19,28.666666666666668,47.5331186055324
1279,1971,20,41.42857142857143,47.154547176960975
1280,1972,1,34.77906976744186,48.13117552945139
1281,1972,2,51.23021582733813,48.62887667887668
1282,1972,3,29.855172413793102,49.432539682539684
1283,1972,4,46.42028985507246,49.26440781440782
1284,1972,5,36.53846153846154,49.705048208496486
1285,1972,6,27.14,51.33579756250166
1286,1972,7,36.888888888888886,51.475797562501654
1287,1972,8,38.35,50.890083276787365
1288,1972,9,37.642857142857146,51.11059609730019
1289,1972,10,35.42857142857143,51.89398167723749
1290,1972,11,0.0,50.95212121212121
1291,1972,12,42.875,50.085454545454546
1292,1972,13,35.166666666666664,50.78545454545454
1293,1972,14,45.2,52.04678787878788
1294,1972,15,38.470588235294116,52.60133333333333
1295,1972,16,0.0,53.17990476190475
1296,1972,17,0.0,54.26298168498168
1297,1972,18,0.0,54.90742612942613
1298,1972,19,31.0,55.548656898656894
1299,1972,20,44.42857142857143,55.41788766788767
1300,1973,1,35.21348314606742,55.98931623931624
1301,1973,2,52.90277777777778,57.18475783475783
1302,1973,3,30.22972972972973,57.059611635927425
1303,1973,4,47.63703703703704,56.95704753336332
1304,1973,5,35.333333333333336,54.28781676413255
1305,1973,6,25.652173913043477,42.83781676413255
1306,1973,7,40.36842105263158,31.31929824561404
1307,1973,8,37.75,19.866666666666667
1308,1973,9,38.833333333333336,
1309,1973,10,40.15384615384615,
1310,1973,11,33.0,
1311,1973,12,42.714285714285715,
1312,1973,13,32.125,9.5
1313,1973,14,46.44444444444444,9.5
1314,1973,15,36.714285714285715,14.680000000000001
1315,1973,16,59.0,16.98
1316,1973,17,0.0,22.555
1317,1973,18,0.0,21.89029411764706
1318,1973,19,32.0,28.134738562091503
1319,1973,20,45.6,29.17579119367045
1320,1974,1,35.96296296296296,28.875791193670448
1321,1974,2,52.54676258992806,29.80079119367045
1322,1974,3,32.49333333333333,29.69216374269006
1323,1974,4,47.1015625,29.002005012531328
1324,1974,5,33.87179487179487,29.81428571428571
1325,1974,6,28.444444444444443,31.694285714285712
1326,1974,7,45.24,31.148131868131866
1327,1974,8,37.03448275862069,32.127587650444795
1328,1974,9,39.36363636363637,33.151562805724296
1329,1974,10,34.375,32.548998703160194
1330,1974,11,28.0,32.44042727458877
1331,1974,12,42.708333333333336,33.83896207312357
1332,1974,13,38.5,35.143365939933446
1333,1974,14,43.57142857142857,36.77760507036823
1334,1974,15,39.875,38.10068199344515
1335,1974,16,0.0,40.0770795089731
1336,1974,17,0.0,41.428402260295854
1337,1974,18,0.0,40.732161658792094
1338,1974,19,32.6,39.26966165879209
1339,1974,20,40.625,38.90528918915647
1340,1975,1,34.252631578947366,36.2618109282869
1341,1975,2,52.51639344262295,34.38310722458319
1342,1975,3,32.64327485380117,34.00518514666112
1343,1975,4,47.85271317829457,34.635185146661115
1344,1975,5,38.07142857142857,34.42904479578392
1345,1975,6,30.045454545454547,37.04777389277389
1346,1975,7,37.833333333333336,37.56563103563103
1347,1975,8,39.1875,37.97926739926739
1348,1975,9,39.27272727272727,37.9792673992674
1349,1975,10,37.0,37.72926739926739
1350,1975,11,34.666666666666664,36.6347619047619
1351,1975,12,45.0,35.65190476190476
1352,1975,13,38.63636363636363,37.82190476190476
1353,1975,14,45.18181818181818,36.841904761904765
1354,1975,15,37.666666666666664,37.75857142857143
1355,1975,16,86.0,36.83
1356,1975,17,0.0,38.50333333333334
1357,1975,18,0.0,38.623333333333335
1358,1975,19,30.142857142857142,32.223333333333336
1359,1975,20,46.0,38.77333333333333
1360,1976,1,36.370370370370374,31.873333333333335
1361,1976,2,55.6484375,23.84
1362,1976,3,32.263888888888886,23.6
1363,1976,4,48.04950495049505,23.6
1364,1976,5,37.34090909090909,16.0
1365,1976,6,26.814814814814813,21.4
1366,1976,7,42.0625,27.0
1367,1976,8,40.57692307692308,23.6
1368,1976,9,40.55555555555556,28.4
1369,1976,10,38.0,28.4
1370,1976,11,28.0,28.7
1371,1976,12,42.68421052631579,30.8
1372,1976,13,31.5,32.03333333333333
1373,1976,14,46.8,33.65833333333333
1374,1976,15,36.793103448275865,34.55833333333333
1375,1976,16,0.0,36.58560606060606
1376,1976,17,0.0,35.18560606060606
1377,1976,18,0.0,35.58560606060606
1378,1976,19,32.0,36.160606060606064
1379,1976,20,45.125,36.240606060606055
1380,1977,1,38.37404580152672,35.99904761904762
1381,1977,2,56.30327868852459,37.58476190476191
1382,1977,3,33.27979274611399,38.376428571428576
1383,1977,4,48.925,40.3597619047619
1384,1977,5,34.333333333333336,40.6597619047619
1385,1977,6,27.76086956521739,41.30738095238095
1386,1977,7,50.142857142857146,42.11055555555556
1387,1977,8,38.8421052631579,43.45222222222222
1388,1977,9,40.375,43.248888888888885
1389,1977,10,46.5,44.4831746031746
1390,1977,11,0.0,45.57841269841269
1391,1977,12,45.35,46.76952380952381
1392,1977,13,37.166666666666664,46.082857142857144
1393,1977,14,44.285714285714285,47.55285714285714
1394,1977,15,39.541666666666664,52.09074534161491
1395,1977,16,63.0,53.012173913043476
1396,1977,17,0.0,53.198840579710144
1397,1977,18,0.0,54.685507246376815
1398,1977,19,37.125,56.155507246376814
1399,1977,20,47.666666666666664,53.503333333333345
1400,1978,1,37.03597122302158,54.57333333333334
1401,1978,2,56.85820895522388,57.90666666666667
1402,1978,3,34.1144578313253,58.44
1403,1978,4,49.87096774193548,58.8
1404,1978,5,32.51724137931034,60.6
1405,1978,6,28.79591836734694,61.246666666666655
1406,1978,7,47.476190476190474,60.60666666666666
1407,1978,8,36.7037037037037,61.70666666666666
1408,1978,9,34.55555555555556,61.96952380952381
1409,1978,10,33.27272727272727,60.66952380952381
1410,1978,11,35.0,61.436190476190475
1411,1978,12,44.88235294117647,61.009523809523806
1412,1978,13,35.0,62.70952380952381
1413,1978,14,41.666666666666664,50.36666666666666
1414,1978,15,36.541666666666664,38.666666666666664
1415,1978,16,0.0,26.03333333333334
1416,1978,17,0.0,13.7
1417,1978,18,0.0,
1418,1978,19,30.0,
1419,1978,20,46.44444444444444,
1420,1979,1,36.5125,
1421,1979,2,56.049586776859506,0.0
1422,1979,3,33.27333333333333,0.0
1423,1979,4,49.96638655462185,0.0
1424,1979,5,32.265306122448976,0.0
1425,1979,6,28.71698113207547,0.0
1426,1979,7,46.096774193548384,0.0
1427,1979,8,42.041666666666664,0.0
1428,1979,9,37.375,0.0
1429,1979,10,35.31578947368421,0.0
1430,1979,11,35.857142857142854,0.0
1431,1979,12,41.8421052631579,0.0
1432,1979,13,38.9,0.0
1433,1979,14,48.125,0.0
1434,1979,15,43.44827586206897,0.0
1435,1979,16,65.0,0.0
1436,1979,17,0.0,6.9
1437,1979,18,0.0,6.9
1438,1979,19,36.8,6.9
1439,1979,20,46.125,11.5
1440,1980,1,36.132075471698116,16.55
1441,1980,2,57.06299212598425,14.45
1442,1980,3,34.5578231292517,19.45
1443,1980,4,47.932038834951456,24.05
1444,1980,5,34.07843137254902,23.783333333333335
1445,1980,6,27.444444444444443,23.893333333333334
1446,1980,7,45.69565217391305,19.093333333333334
1447,1980,8,41.5,14.093333333333334
1448,1980,9,38.73684210526316,16.293333333333333
1449,1980,10,30.565217391304348,11.959999999999999
1450,1980,11,40.0,12.8
1451,1980,12,46.26086956521739,19.65
1452,1980,13,37.42857142857143,26.122727272727275
1453,1980,14,51.5,26.256060606060608
1454,1980,15,39.76470588235294,33.656060606060606
1455,1980,16,69.0,35.21320346320346
1456,1980,17,0.0,35.32683982683983
1457,1980,18,0.0,35.454112554112555
1458,1980,19,32.0,35.663636363636364
1459,1980,20,47.25,35.92613636363636
1460,1981,1,36.51020408163265,35.885660173160176
1461,1981,2,58.95614035087719,36.61857553366174
1462,1981,3,36.43529411764706,37.38286124794745
1463,1981,4,47.44329896907217,37.561216226302435
1464,1981,5,32.54716981132076,36.64633527392148
1465,1981,6,28.576271186440678,36.152249252416105
1466,1981,7,42.666666666666664,35.91431821793335
1467,1981,8,39.28,35.97403250364763
1468,1981,9,33.31578947368421,36.76710609672123
1469,1981,10,33.714285714285715,37.79091562053075
1470,1981,11,28.75,38.45833497536945
1471,1981,12,45.5625,38.87526984126985
1472,1981,13,39.42857142857143,39.50255189255189
1473,1981,14,49.57142857142857,39.77061911944265
1474,1981,15,38.416666666666664,40.61095525389643
1475,1981,16,0.0,41.345955253896435
1476,1981,17,0.0,41.2837330316742
1477,1981,18,0.0,42.25745098039216
1478,1981,19,38.285714285714285,42.65440838404327
1479,1981,20,48.27272727272727,43.52597701149425
1480,1982,1,37.34285714285714,44.175977011494254
1481,1982,2,59.57471264367816,45.40264367816092
1482,1982,3,34.37869822485207,45.666532567049806
1483,1982,4,48.94117647058823,45.601507936507936
1484,1982,5,34.45,45.15453823953824
1485,1982,6,31.5625,45.43953823953824
1486,1982,7,45.38709677419355,45.25668109668109
1487,1982,8,40.27777777777778,44.30112554112554
1488,1982,9,39.333333333333336,45.21183982683982
1489,1982,10,32.82857142857143,46.475476190476186
1490,1982,11,0.0,47.029761904761905
1491,1982,12,43.21212121212121,47.686904761904756
1492,1982,13,41.125,48.12499999999999
1493,1982,14,47.57142857142857,50.07142857142857
1494,1982,15,41.370370370370374,48.87142857142857
1495,1982,16,68.0,51.357142857142854
1496,1982,17,0.0,54.042857142857144
1497,1982,18,0.0,57.27142857142858
1498,1982,19,37.25,57.55714285714286
1499,1982,20,49.4375,59.52380952380952
1500,1983,1,36.95175438596491,58.603809523809524
1501,1983,2,57.93827160493827,54.203809523809525
1502,1983,3,36.20625,51.64380952380952
1503,1983,4,50.97872340425532,51.57833333333333
1504,1983,5,35.57746478873239,52.62595238095238
1505,1983,6,32.526315789473685,48.74595238095238
1506,1983,7,45.175,46.14595238095238
1507,1983,8,38.15384615384615,44.945952380952384
1508,1983,9,37.24,43.17650793650794
1509,1983,10,31.6,43.26222222222223
1510,1983,11,41.0,47.376507936507934
1511,1983,12,48.0,54.43365079365079
1512,1983,13,44.916666666666664,57.81587301587301
1513,1983,14,43.857142857142854,59.05079365079365
1514,1983,15,39.70967741935484,58.170793650793655
1515,1983,16,69.0,58.15650793650794
1516,1983,17,0.0,55.24936507936508
1517,1983,18,0.0,53.42714285714286
1518,1983,19,32.0,54.07000000000001
1519,1983,20,54.666666666666664,52.9
1520,1984,1,36.44117647058823,48.2
1521,1984,2,59.65432098765432,49.25
1522,1984,3,36.184397163120565,50.05
1523,1984,4,50.79611650485437,38.15
1524,1984,5,34.73529411764706,28.0
1525,1984,6,31.2,21.0
1526,1984,7,40.205882352941174,
1527,1984,8,37.86046511627907,
1528,1984,9,38.69230769230769,
1529,1984,10,33.6,
1530,1984,11,33.833333333333336,0.0
1531,1984,12,43.172413793103445,0.0
1532,1984,13,40.4,0.0
1533,1984,14,57.857142857142854,0.0
1534,1984,15,40.59090909090909,0.0
1535,1984,16,70.0,0.0
1536,1984,17,0.0,0.0
1537,1984,18,0.0,0.0
1538,1984,19,28.11764705882353,0.0
1539,1984,20,48.0,0.0
1540,1985,1,36.93478260869565,2.8
1541,1985,2,62.0655737704918,2.8
1542,1985,3,36.53179190751445,2.8
1543,1985,4,49.90196078431372,2.8
1544,1985,5,33.71604938271605,2.8
1545,1985,6,31.20689655172414,0.0
1546,1985,7,37.529411764705884,0.0
1547,1985,8,34.13157894736842,0.0
1548,1985,9,36.609756097560975,0.0
1549,1985,10,33.475,0.0
1550,1985,11,37.82608695652174,0.0
1551,1985,12,47.3448275862069,0.0
1552,1985,13,40.666666666666664,0.0
1553,1985,14,45.5,0.0
1554,1985,15,39.642857142857146,0.0
1555,1985,16,0.0,5.8
1556,1985,17,0.0,6.2
1557,1985,18,0.0,6.2
1558,1985,19,29.88888888888889,6.2
1559,1985,20,45.5,12.8
1560,1986,1,36.385714285714286,13.8
1561,1986,2,60.63529411764706,10.8
1562,1986,3,37.47682119205298,10.8
1563,1986,4,49.41573033707865,10.8
1564,1986,5,34.42253521126761,4.2
1565,1986,6,31.925,-2.6
1566,1986,7,41.59016393442623,0.0
1567,1986,8,32.39622641509434,0.0
1568,1986,9,37.0,4.8
1569,1986,10,33.214285714285715,4.8
1570,1986,11,38.73684210526316,4.8
1571,1986,12,50.07692307692308,4.8
1572,1986,13,43.44444444444444,4.8
1573,1986,14,62.0,5.8
1574,1986,15,40.816326530612244,13.0
1575,1986,16,0.0,13.0
1576,1986,17,0.0,21.2
1577,1986,18,0.0,29.2
1578,1986,19,38.166666666666664,32.2
1579,1986,20,49.888888888888886,33.2
1580,1987,1,37.875739644970416,41.5
1581,1987,2,60.85,42.4
1582,1987,3,39.031007751937985,42.36666666666667
1583,1987,4,49.026785714285715,42.44666666666667
1584,1987,5,33.7,41.72166666666667
1585,1987,6,33.10526315789474,40.17551282051282
1586,1987,7,45.70909090909091,38.13705128205128
1587,1987,8,35.21739130434783,38.57038461538461
1588,1987,9,35.75,36.83156108597285
1589,1987,10,35.76,36.48156108597285
1590,1987,11,37.629629629629626,37.42183257918552
1591,1987,12,49.07142857142857,37.7031512605042
1592,1987,13,47.833333333333336,37.2781512605042
1593,1987,14,61.0,37.6703081232493
1594,1987,15,42.25581395348837,37.903928812904475
1595,1987,16,74.0,38.11814449917898
1596,1987,17,0.0,38.08362068965518
1597,1987,18,0.0,38.79827586206896
1598,1987,19,33.57142857142857,39.217883705206226
1599,1987,20,49.5,39.54259634888438
1600,1988,1,38.396011396011396,39.90833708962513
1601,1988,2,61.875,40.541939240162755
1602,1988,3,37.823170731707314,39.97046588593078
1603,1988,4,49.252631578947366,39.94609613803162
1604,1988,5,34.770270270270274,40.42602811082074
1605,1988,6,34.31428571428572,40.60311682744434
1606,1988,7,40.29090909090909,40.80880039119242
1607,1988,8,34.50819672131148,40.96839635078838
1608,1988,9,38.642857142857146,42.14839635078838
1609,1988,10,34.57142857142857,43.591797711332596
1610,1988,11,36.37931034482759,44.077777777777776
1611,1988,12,46.107142857142854,45.24867724867725
1612,1988,13,43.9,46.58628408628409
1613,1988,14,60.0,46.69771265771266
1614,1988,15,40.73809523809524,46.68078958078958
1615,1988,16,0.0,47.34364672364673
1616,1988,17,0.0,47.573846153846155
1617,1988,18,0.0,47.84596153846154
1618,1988,19,37.53333333333333,48.26317084078712
1619,1988,20,50.6,48.21489066567768
1620,1989,1,38.07179487179487,48.78631923710625
1621,1989,2,61.38181818181818,49.4376012883883
1622,1989,3,37.55029585798817,49.18646492475193
1623,1989,4,50.1505376344086,49.44925562242636
1624,1989,5,36.2,49.907792207792205
1625,1989,6,34.4,50.236363636363635
1626,1989,7,45.15,50.31636363636363
1627,1989,8,35.56923076923077,51.03909090909091
1628,1989,9,38.45945945945946,51.66409090909091
1629,1989,10,34.056338028169016,52.34186868686868
1630,1989,11,40.714285714285715,52.25786868686869
1631,1989,12,48.05555555555556,55.29786868686868
1632,1989,13,46.57142857142857,44.93877777777777
1633,1989,14,59.285714285714285,34.413777777777774
1634,1989,15,41.388888888888886,23.735999999999997
1635,1989,16,0.0,
1636,1989,17,0.0,
1637,1989,18,0.0,
1638,1989,19,35.0,
1639,1989,20,43.285714285714285,31.166666666666668
1640,1990,1,39.4296875,29.76666666666667
1641,1990,2,62.1,29.421212121212125
1642,1990,3,37.15909090909091,29.779106858054227
1643,1990,4,48.87234042553192,30.329106858054228
1644,1990,5,35.55128205128205,30.865773524720897
1645,1990,6,33.86666666666667,31.721913875598084
1646,1990,7,42.264150943396224,31.107368421052634
1647,1990,8,37.11594202898551,31.13280701754386
1648,1990,9,38.333333333333336,31.12947368421053
1649,1990,10,35.91935483870968,31.209473684210526
1650,1990,11,38.904761904761905,33.1
1651,1990,12,49.833333333333336,36.16
1652,1990,13,46.142857142857146,37.689166666666665
1653,1990,14,55.333333333333336,39.21522727272727
1654,1990,15,45.542857142857144,39.94215034965035
1655,1990,16,0.0,40.61509152612094
1656,1990,17,0.0,40.415091526120946
1657,1990,18,0.0,40.466227889757306
1658,1990,19,39.0,40.26408885232415
1659,1990,20,51.2,40.8004991087344
1660,1991,1,38.85,41.07255793226382
1661,1991,2,62.943396226415096,42.36144682115271
1662,1991,3,38.156976744186046,42.363027848820686
1663,1991,4,46.31578947368421,42.963550724637685
1664,1991,5,37.54,43.301941529235386
1665,1991,6,34.10526315789474,43.76494152923539
1666,1991,7,45.467532467532465,42.63257437947693
1667,1991,8,35.22077922077922,43.640690321505915
1668,1991,9,38.84444444444444,43.747356988172584
1669,1991,10,35.28,43.54378099838969
1670,1991,11,38.43333333333333,43.5597809983897
1671,1991,12,54.095238095238095,44.40325925925926
1672,1991,13,49.4,44.8077037037037
1673,1991,14,57.4,44.909925925925926
1674,1991,15,48.03333333333333,46.16177777777777
1675,1991,16,0.0,47.257777777777775
1676,1991,17,0.0,49.53777777777778
1677,1991,18,0.0,49.91555555555556
1678,1991,19,39.69230769230769,49.83555555555556
1679,1991,20,57.25,50.721269841269844
1680,1992,1,38.77530864197531,49.841269841269835
1681,1992,2,61.333333333333336,48.16126984126984
1682,1992,3,36.04651162790697,50.73904761904762
1683,1992,4,49.645161290322584,50.73904761904762
1684,1992,5,36.01063829787234,50.80333333333333
1685,1992,6,37.21311475409836,52.21666666666666
1686,1992,7,38.972972972972975,53.56666666666666
1687,1992,8,32.816901408450704,54.23333333333333
1688,1992,9,39.326530612244895,45.43333333333333
1689,1992,10,35.092592592592595,34.88333333333334
1690,1992,11,36.72727272727273,38.15
1691,1992,12,48.23076923076923,39.8
1692,1992,13,44.4,38.9
1693,1992,14,39.0,51.779999999999994
1694,1992,15,44.68571428571428,67.78
1695,1992,16,0.0,64.38
1696,1992,17,78.0,51.779999999999994
1697,1992,18,0.0,39.68
1698,1992,19,38.5,26.8
1699,1992,20,52.6875,10.8
1700,1993,1,39.63636363636363,11.8
1701,1993,2,65.20967741935483,11.8
1702,1993,3,36.66013071895425,29.0
1703,1993,4,49.91011235955056,29.0
1704,1993,5,36.28846153846154,41.6
1705,1993,6,34.66216216216216,29.8
1706,1993,7,44.529411764705884,42.8
1707,1993,8,33.75268817204301,39.4
1708,1993,9,40.679245283018865,39.4
1709,1993,10,37.1,40.4
1710,1993,11,38.18604651162791,54.2
1711,1993,12,48.310344827586206,55.2
1712,1993,13,51.25,41.4
1713,1993,14,47.2,41.4
1714,1993,15,46.592592592592595,42.6
1715,1993,16,0.0,28.8
1716,1993,17,0.0,14.8
1717,1993,18,0.0,14.8
1718,1993,19,41.63636363636363,14.8
1719,1993,20,49.2,0.0
1720,1994,1,39.02597402597402,0.0
1721,1994,2,83.46859903381643,19.723076923076924
1722,1994,3,39.34382566585956,19.723076923076924
1723,1994,4,59.38277511961722,19.723076923076924
1724,1994,5,33.88552188552188,19.723076923076924
1725,1994,6,32.034246575342465,19.723076923076924
1726,1994,7,48.38732394366197,0.0
1727,1994,8,33.75409836065574,0.0
1728,1994,9,37.87378640776699,0.0
1729,1994,10,32.056,0.0
1730,1994,11,34.28947368421053,22.4
1731,1994,12,56.2093023255814,22.4
1732,1994,13,69.26086956521739,22.4
1733,1994,14,58.958333333333336,22.4
1734,1994,15,48.07692307692308,22.4
1735,1994,16,98.61538461538461,0.0
1736,1994,17,92.18867924528301,0.0
1737,1994,18,111.44444444444444,0.0
1738,1994,19,38.611111111111114,0.0
1739,1994,20,49.13333333333333,0.0
1740,1995,1,39.92168674698795,0.0
1741,1995,2,63.31818181818182,0.0
1742,1995,3,38.94078947368421,0.0
1743,1995,4,49.733333333333334,0.0
1744,1995,5,38.707070707070706,
1745,1995,6,34.725,
1746,1995,7,40.17567567567568,
1747,1995,8,34.68571428571428,
1748,1995,9,41.5679012345679,0.0
1749,1995,10,38.6078431372549,0.0
1750,1995,11,38.425,0.0
1751,1995,12,50.53333333333333,4.2
1752,1995,13,50.75,8.7
1753,1995,14,60.57142857142857,13.8
1754,1995,15,46.1,18.6
1755,1995,16,0.0,23.6
1756,1995,17,0.0,19.4
1757,1995,18,0.0,21.5
1758,1995,19,40.75,16.4
1759,1995,20,59.8,16.6
1760,1996,1,40.02376599634369,16.8
1761,1996,2,62.77358490566038,24.133333333333333
1762,1996,3,38.91860465116279,25.0
1763,1996,4,47.83870967741935,31.68
1764,1996,5,35.264150943396224,33.513333333333335
1765,1996,6,34.06896551724138,35.757777777777775
1766,1996,7,42.34722222222222,35.15777777777778
1767,1996,8,35.77142857142857,35.95777777777778
1768,1996,9,39.3,36.49444444444445
1769,1996,10,36.282051282051285,36.91565656565656
1770,1996,11,45.642857142857146,37.07121212121212
1771,1996,12,51.166666666666664,38.597138047138046
1772,1996,13,50.333333333333336,38.52213804713805
1773,1996,14,38.0,39.19638047138047
1774,1996,15,47.94871794871795,40.133501683501684
1775,1996,16,0.0,40.70493025493026
1776,1996,17,0.0,39.92424242424242
1777,1996,18,0.0,39.58085161964472
1778,1996,19,39.0,39.82097701149426
1779,1996,20,45.333333333333336,40.95523627075351
1780,1997,1,41.36880733944954,41.3474440629613
1781,1997,2,64.63414634146342,43.815539301056546
1782,1997,3,39.14093959731544,45.002557556634635
1783,1997,4,48.151785714285715,45.95031095266389
1784,1997,5,37.06870229007634,45.91529411764706
1785,1997,6,36.04651162790697,46.10999108734403
1786,1997,7,41.5375,45.778709036061976
1787,1997,8,36.12280701754386,45.872826683120806
1788,1997,9,40.7710843373494,46.17298617275397
1789,1997,10,37.90196078431372,46.454490874948334
1790,1997,11,36.0,47.600505367701956
1791,1997,12,49.333333333333336,48.06131122850782
1792,1997,13,51.833333333333336,48.062933946560555
1793,1997,14,26.0,48.15457481343362
1794,1997,15,48.0,48.3954943536635
1795,1997,16,0.0,48.13325179073444
1796,1997,17,0.0,49.25706131454397
1797,1997,18,0.0,50.126026831785346
1798,1997,19,40.92857142857143,50.43543859649123
1799,1997,20,57.77777777777778,52.276650717703355
1800,1998,1,41.29650092081031,55.63454545454546
1801,1998,2,61.0377358490566,56.109545454545454
1802,1998,3,39.91428571428571,46.109545454545454
1803,1998,4,47.87603305785124,48.22954545454545
1804,1998,5,36.64356435643565,47.575
1805,1998,6,34.92857142857143,45.575
1806,1998,7,44.371428571428574,46.4
1807,1998,8,34.97692307692308,57.8
1808,1998,9,42.09375,45.9
1809,1998,10,37.395348837209305,34.9
1810,1998,11,32.516129032258064,23.9
1811,1998,12,52.22727272727273,11.4
1812,1998,13,58.6,0.0
1813,1998,14,41.2,0.0
1814,1998,15,47.743589743589745,0.0
1815,1998,16,0.0,0.0
1816,1998,17,0.0,0.0
1817,1998,18,0.0,0.0
1818,1998,19,41.54545454545455,0.0
1819,1998,20,47.857142857142854,0.0
1820,1999,1,41.57094017094017,0.0
1821,1999,2,65.55263157894737,0.0
1822,1999,3,39.257425742574256,0.0
1823,1999,4,50.563025210084035,0.0
1824,1999,5,36.44827586206897,0.0
1825,1999,6,34.44444444444444,0.0
1826,1999,7,43.604651162790695,0.0
1827,1999,8,36.791044776119406,0.0
1828,1999,9,40.427083333333336,15.6
1829,1999,10,38.907407407407405,15.6
1830,1999,11,33.23076923076923,34.0377358490566
1831,1999,12,51.5,34.0377358490566
1832,1999,13,56.0,34.0377358490566
1833,1999,14,50.111111111111114,18.4377358490566
1834,1999,15,49.4375,18.4377358490566
1835,1999,16,0.0,0.0
1836,1999,17,0.0,0.0
1837,1999,18,0.0,0.0
1838,1999,19,43.6,0.0
1839,1999,20,46.4,0.0
1840,2000,1,41.8481228668942,0.0
1841,2000,2,62.13793103448276,0.0
1842,2000,3,39.91279069767442,0.0
1843,2000,4,48.950819672131146,0.0
1844,2000,5,38.52066115702479,0.0
1845,2000,6,36.18181818181818,0.0
1846,2000,7,43.25,0.0
1847,2000,8,37.46511627906977,0.0
1848,2000,9,41.735632183908045,0.0
1849,2000,10,40.049180327868854,0.0
1850,2000,11,35.87755102040816,0.0
1851,2000,12,46.2,0.0
1852,2000,13,56.1,0.0
1853,2000,14,61.0,
1854,2000,15,48.18604651162791,
1855,2000,16,0.0,
1856,2000,17,0.0,
1857,2000,18,0.0,20.63809523809524
1858,2000,19,40.57142857142857,26.78666666666667
1859,2000,20,59.7,29.92476190476191
1860,2001,1,41.7179054054054,30.37563909774436
1861,2001,2,58.96969696969697,31.713139097744364
1862,2001,3,39.64321608040201,32.377607962213226
1863,2001,4,49.45185185185185,32.745703200308455
1864,2001,5,36.76829268292683,32.86475081935608
1865,2001,6,37.134328358208954,32.680540293040295
1866,2001,7,42.08247422680412,32.31804029304029
1867,2001,8,37.35251798561151,33.45790043290043
1868,2001,9,40.02479338842975,34.64123376623377
1869,2001,10,40.06,35.084090909090904
1870,2001,11,35.160714285714285,35.22409090909091
1871,2001,12,54.666666666666664,37.42686868686869
1872,2001,13,67.0,37.23206349206349
1873,2001,14,58.57142857142857,37.73206349206349
1874,2001,15,47.707317073170735,38.522972582972585
1875,2001,16,0.0,40.749639249639245
1876,2001,17,0.0,39.921861471861476
1877,2001,18,0.0,41.96757575757576
1878,2001,19,45.0,41.91757575757576
1879,2001,20,49.375,43.42666666666666
1880,2002,1,43.195911413969334,43.760000000000005
1881,2002,2,65.5,46.31
1882,2002,3,40.21834061135371,36.95
1883,2002,4,47.2890625,37.8
1884,2002,5,38.75,37.6
1885,2002,6,35.91860465116279,37.7
1886,2002,7,44.136752136752136,39.2
1887,2002,8,40.66187050359712,50.0
1888,2002,9,40.13709677419355,52.5
1889,2002,10,37.80701754385965,53.5
1890,2002,11,36.714285714285715,55.7
1891,2002,12,55.64,44.1
1892,2002,13,54.5,33.3
1893,2002,14,61.285714285714285,21.8
1894,2002,15,50.857142857142854,11.6
1895,2002,16,0.0,0.0
1896,2002,17,0.0,0.0
1897,2002,18,0.0,0.0
1898,2002,19,48.90909090909091,0.0
1899,2002,20,54.666666666666664,0.0
1900,2003,1,43.148972602739725,0.0
1901,2003,2,64.8076923076923,0.0
1902,2003,3,40.44921875,0.0
1903,2003,4,49.890625,0.0
1904,2003,5,36.441717791411044,15.2
1905,2003,6,36.205882352941174,15.2
1906,2003,7,43.17821782178218,15.2
1907,2003,8,39.851063829787236,15.2
1908,2003,9,42.87,15.2
1909,2003,10,39.63492063492063,0.0
1910,2003,11,36.68571428571428,0.0
1911,2003,12,55.0,0.0
1912,2003,13,60.4,0.0
1913,2003,14,58.111111111111114,0.0
1914,2003,15,51.0,0.0
1915,2003,16,112.0,0.0
1916,2003,17,0.0,0.0
1917,2003,18,0.0,0.0
1918,2003,19,46.63157894736842,0.0
1919,2003,20,63.833333333333336,0.0
1920,2004,1,43.518324607329845,0.0
1921,2004,2,60.121212121212125,0.0
1922,2004,3,41.332116788321166,0.0
1923,2004,4,49.456,0.0
1924,2004,5,37.79899497487437,0.0
1925,2004,6,37.80487804878049,0.0
1926,2004,7,44.396039603960396,0.0
1927,2004,8,39.52173913043478,0.0
1928,2004,9,42.529411764705884,0.0
1929,2004,10,39.38666666666666,0.0
1930,2004,11,39.142857142857146,0.0
1931,2004,12,54.392857142857146,0.0
1932,2004,13,65.0,0.0
1933,2004,14,56.285714285714285,0.0
1934,2004,15,48.18181818181818,0.0
1935,2004,16,0.0,0.0
1936,2004,17,0.0,0.0
1937,2004,18,0.0,0.0
1938,2004,19,46.4,0.0
1939,2004,20,60.4,22.288888888888888
1940,2005,1,44.836555360281196,22.288888888888888
1941,2005,2,64.9,22.288888888888888
1942,2005,3,41.90877192982456,22.288888888888888
1943,2005,4,51.032786885245905,22.288888888888888
1944,2005,5,38.60386473429951,0.0
1945,2005,6,37.29113924050633,0.0
1946,2005,7,45.51485148514851,0.0
1947,2005,8,41.121428571428574,0.0
1948,2005,9,41.93571428571428,0.0
1949,2005,10,40.01234567901235,0.0
1950,2005,11,40.710144927536234,0.0
1951,2005,12,51.61538461538461,0.0
1952,2005,13,59.333333333333336,0.0
1953,2005,14,56.6,0.0
1954,2005,15,49.5,0.0
1955,2005,16,0.0,0.0
1956,2005,17,0.0,0.0
1957,2005,18,0.0,0.0
1958,2005,19,41.65217391304348,0.0
1959,2005,20,58.25,0.0
1960,2006,1,45.615269461077844,0.0
1961,2006,2,60.58064516129032,0.0
1962,2006,3,41.3205574912892,
1963,2006,4,51.64,
1964,2006,5,39.40865384615385,
1965,2006,6,38.795180722891565,
1966,2006,7,44.14159292035398,0.0
1967,2006,8,42.87234042553192,0.0
1968,2006,9,45.126126126126124,0.0
1969,2006,10,40.74074074074074,0.0
1970,2006,11,41.1764705882353,0.0
1971,2006,12,57.888888888888886,0.0
1972,2006,13,63.8,0.0
1973,2006,14,58.5,0.0
1974,2006,15,50.0,0.0
1975,2006,16,0.0,0.0
1976,2006,17,0.0,0.0
1977,2006,18,0.0,0.0
1978,2006,19,42.4,0.0
1979,2006,20,55.125,0.0
1980,2007,1,46.9,0.0
1981,2007,2,63.58620689655172,0.0
1982,2007,3,42.604729729729726,0.0
1983,2007,4,52.785714285714285,0.0
1984,2007,5,39.56108597285068,0.0
1985,2007,6,40.306666666666665,0.0
1986,2007,7,46.285714285714285,0.0
1987,2007,8,44.01807228915663,0.0
1988,2007,9,42.79545454545455,0.0
1989,2007,10,40.23255813953488,0.0
1990,2007,11,39.69090909090909,0.0
1991,2007,12,58.84615384615385,0.0
1992,2007,13,60.0,0.0
1993,2007,14,46.75,0.0
1994,2007,15,52.5,0.0
1995,2007,16,0.0,0.0
1996,2007,17,0.0,0.0
1997,2007,18,0.0,0.0
1998,2007,19,44.73684210526316,0.0
1999,2007,20,61.5,0.0
2000,2008,1,46.83415435139573,0.0
2001,2008,2,64.30434782608695,0.0
2002,2008,3,43.607361963190186,0.0
2003,2008,4,51.39823008849557,0.0
2004,2008,5,40.171052631578945,0.0
2005,2008,6,41.55128205128205,0.0
2006,2008,7,45.77981651376147,0.0
2007,2008,8,43.683098591549296,4.4
2008,2008,9,45.88392857142857,4.4
2009,2008,10,41.08791208791209,3.8
2010,2008,11,43.22222222222222,3.8
2011,2008,12,54.34615384615385,3.8
2012,2008,13,61.714285714285715,-0.6
2013,2008,14,49.0,5.0
2014,2008,15,51.4,5.6
2015,2008,16,0.0,11.4
2016,2008,17,0.0,11.4
2017,2008,18,0.0,15.8
2018,2008,19,49.38461538461539,12.5
2019,2008,20,62.75,15.0
2020,2009,1,47.98615916955017,13.65
2021,2009,2,69.47619047619048,18.45
2022,2009,3,44.648208469055376,18.85
2023,2009,4,52.982142857142854,21.85
2024,2009,5,41.18018018018018,24.56818181818182
2025,2009,6,44.26829268292683,25.85151515151515
2026,2009,7,48.31428571428572,27.25151515151515
2027,2009,8,44.535714285714285,28.85151515151515
2028,2009,9,43.375,30.071515151515154
2029,2009,10,41.922330097087375,30.881904761904764
2030,2009,11,41.93055555555556,31.54857142857143
2031,2009,12,57.25,32.77357142857143
2032,2009,13,58.5,32.373571428571424
2033,2009,14,59.5,33.21357142857143
2034,2009,15,51.79545454545455,33.584999999999994
2035,2009,16,0.0,34.84214285714285
2036,2009,17,0.0,34.86714285714286
2037,2009,18,0.0,35.26714285714286
2038,2009,19,50.125,33.530672268907566
2039,2009,20,64.42857142857143,33.10845004668534
2040,2010,1,47.50092421441774,33.084640522875816
2041,2010,2,64.17647058823529,32.348926237161535
2042,2010,3,45.95723684210526,33.4555929038282
2043,2010,4,52.07,34.83206349206349
2044,2010,5,41.66836734693877,36.65428571428571
2045,2010,6,44.724489795918366,36.95941391941392
2046,2010,7,47.0,37.945128205128206
2047,2010,8,46.357142857142854,38.76573426573427
2048,2010,9,45.728,39.48795648795649
2049,2010,10,43.60919540229885,39.83795648795649
2050,2010,11,41.294117647058826,39.699494949494955
2051,2010,12,57.592592592592595,40.185209235209236
2052,2010,13,63.166666666666664,40.16702741702742
2053,2010,14,50.75,41.1648051948052
2054,2010,15,52.625,41.129090909090905
2055,2010,16,0.0,42.32909090909091
2056,2010,17,0.0,43.925194805194806
2057,2010,18,0.0,44.942419685577576
2058,2010,19,49.125,45.50241968557758
2059,2010,20,60.4,45.71856875390056
2060,2011,1,48.76039603960396,45.19856875390055
2061,2011,2,68.36842105263158,44.364118993135016
2062,2011,3,47.07364341085271,44.914726280584404
2063,2011,4,52.175257731958766,45.6597262805844
2064,2011,5,41.97222222222222,47.154291497975706
2065,2011,6,45.68,49.063180386864595
2066,2011,7,50.738461538461536,49.78247863247863
2067,2011,8,45.55045871559633,39.90555555555555
2068,2011,9,47.5968992248062,29.880555555555553
2069,2011,10,44.451219512195124,20.055555555555554
2070,2011,11,46.8125,9.666666666666668
2071,2011,12,57.26315789473684,
2072,2011,13,61.666666666666664,
2073,2011,14,35.0,
2074,2011,15,53.388888888888886,
2075,2011,16,0.0,0.0
2076,2011,17,0.0,0.0
2077,2011,18,0.0,0.0
2078,2011,19,51.94444444444444,0.0
2079,2011,20,69.0,0.0
2080,2012,1,49.55607476635514,0.0
2081,2012,2,67.9090909090909,0.0
2082,2012,3,46.42857142857143,0.0
2083,2012,4,52.85526315789474,0.0
2084,2012,5,41.93043478260869,0.0
2085,2012,6,45.77777777777778,0.0
2086,2012,7,51.69387755102041,0.0
2087,2012,8,46.932038834951456,0.0
2088,2012,9,48.35064935064935,0.0
2089,2012,10,44.2,0.0
2090,2012,11,46.785714285714285,0.0
2091,2012,12,58.333333333333336,0.0
2092,2012,13,68.5,0.0
2093,2012,14,52.0,0.0
2094,2012,15,52.08,0.0
2095,2012,16,0.0,0.0
2096,2012,17,0.0,0.0
2097,2012,18,0.0,0.0
2098,2012,19,48.333333333333336,0.0
2099,2012,20,72.5,0.0
2100,2013,1,48.90909090909091,0.0
2101,2013,2,68.5,0.0
2102,2013,3,41.41463414634146,0.0
2103,2013,4,47.12,0.0
2104,2013,5,36.130434782608695,0.0
2105,2013,6,47.5,0.0
2106,2013,7,55.166666666666664,0.0
2107,2013,8,45.696969696969695,4.933333333333334
2108,2013,9,48.925925925925924,4.933333333333334
2109,2013,10,43.0,10.133333333333335
2110,2013,11,45.0,15.483333333333334
2111,2013,12,41.0,21.31666666666667
2112,2013,13,0.0,23.116666666666667
2113,2013,14,53.0,29.196666666666665
2114,2013,15,66.6,30.196666666666665
2115,2013,16,0.0,32.04666666666667
2116,2013,17,0.0,32.913333333333334
2117,2013,18,0.0,33.15142857142857
2118,2013,19,0.0,34.63809523809524
2119,2013,20,0.0,34.23809523809524
2120,2014,1,45.666666666666664,34.17809523809524
2121,2014,2,0.0,33.920952380952386
2122,2014,3,0.0,34.60285714285715
2123,2014,4,38.0,34.23619047619047
2124,2014,5,0.0,36.13619047619047
2125,2014,6,0.0,36.19619047619047
2126,2014,7,0.0,37.72
2127,2014,8,0.0,37.86666666666666
2128,2014,9,49.666666666666664,37.06666666666666
2129,2014,10,0.0,37.233333333333334
2130,2014,11,0.0,37.833333333333336
2131,2014,12,0.0,37.90196078431373
2132,2014,13,0.0,39.00196078431373
2133,2014,14,0.0,40.67696078431373
2134,2014,15,0.0,41.096008403361346
2135,2014,16,0.0,42.181722689075634
2136,2014,17,0.0,43.26642857142857
2137,2014,18,0.0,42.49142857142857
2138,2014,19,0.0,43.61642857142857
2139,2014,20,0.0,44.355714285714285
2140,2015,1,51.5,45.00333333333333
2141,2015,2,0.0,45.172222222222224
2142,2015,3,47.666666666666664,46.272222222222226
2143,2015,4,38.0,46.522222222222226
2144,2015,5,0.0,47.151767676767676
2145,2015,6,0.0,47.50593434343434
2146,2015,7,74.0,49.150378787878786
2147,2015,8,0.0,49.525378787878786
2148,2015,9,0.0,49.175378787878785
2149,2015,10,0.0,49.49861111111112
2150,2015,11,0.0,49.511111111111106
2151,2015,12,0.0,48.69777777777777
2152,2015,13,0.0,47.75492063492063
2153,2015,14,0.0,48.89492063492064
2154,2015,15,0.0,50.36714285714286
2155,2015,16,0.0,51.004642857142855
2156,2015,17,0.0,50.724642857142854
2157,2015,18,0.0,51.89416666666667
2158,2015,19,0.0,53.61416666666666
2159,2015,20,0.0,51.23083333333333
2160,2016,1,48.2,52.248888888888885
2161,2016,2,0.0,51.980317460317465
2162,2016,3,0.0,51.43365079365079
2163,2016,4,0.0,51.4136507936508
2164,2016,5,0.0,52.221984126984125
2165,2016,6,0.0,51.599761904761905
2166,2016,7,0.0,54.795
2167,2016,8,0.0,57.595000000000006
2168,2016,9,0.0,57.30499999999999
2169,2016,10,0.0,58.455
2170,2016,11,0.0,59.82166666666667
2171,2016,12,0.0,59.605
2172,2016,13,0.0,60.41071428571429
2173,2016,14,0.0,60.840714285714284
2174,2016,15,0.0,63.61571428571428
2175,2016,16,0.0,65.81571428571428
2176,2016,17,0.0,53.26571428571428
2177,2016,18,0.0,40.38
2178,2016,19,0.0,28.3
2179,2016,20,0.0,14.5
